ESTACAO,DATA (YYYY-MM-DD),rain_max,rad_max,temp_avg,temp_max,temp_min,hum_max,hum_min,wind_max,wind_avg
A001,2000-05-07,0.0,2915.0,25.125,28.3,20.7,69.0,36.0,6.3,1.7666666666666666
A001,2000-05-08,0.0,3126.0,22.104166666666668,28.2,16.5,86.0,33.0,7.1,2.066666666666667
A001,2000-05-09,0.0,2901.0,22.041666666666668,28.7,16.6,79.0,37.0,7.0,1.1500000000000001
A001,2000-05-10,0.0,2972.0,22.462500000000002,28.9,17.7,82.0,35.0,6.3,2.0083333333333333
A001,2000-05-11,0.0,2958.0,21.329166666666666,27.3,16.6,80.0,35.0,7.3,2.670833333333333
A001,2000-05-12,0.0,2980.0,20.166666666666668,26.5,15.2,79.0,42.0,7.3,2.9958333333333336
A001,2000-05-13,0.0,3016.0,18.945833333333333,24.7,13.7,86.0,43.0,7.8,3.1208333333333336
A001,2000-05-14,0.0,3055.0,18.691666666666666,25.0,13.7,84.0,34.0,8.8,3.1333333333333333
A001,2000-05-15,0.0,3012.0,19.004166666666666,26.3,11.8,89.0,28.0,7.8,1.9000000000000001
A001,2000-05-16,0.0,3025.0,19.758333333333333,26.7,13.8,81.0,29.0,6.4,1.6916666666666667
A001,2000-05-17,0.0,2932.0,20.1125,27.1,14.0,80.0,32.0,8.7,1.5999999999999999
A001,2000-05-18,0.0,2832.0,19.833333333333332,26.0,15.8,89.0,48.0,5.9,2.0
A001,2000-05-19,0.0,2554.0,18.42105263157895,26.4,13.8,85.0,43.0,5.9,1.7052631578947368
A001,2000-05-22,0.0,2767.0,23.475,26.0,20.8,67.0,45.0,7.6,3.1625
A001,2000-05-23,0.0,2888.0,20.0625,25.8,14.8,92.0,40.0,8.4,3.0083333333333333
A001,2000-05-24,0.0,2886.0,19.133333333333333,24.5,14.7,85.0,36.0,8.6,3.5375
A001,2000-05-25,0.0,2964.0,17.754166666666666,24.9,11.8,84.0,31.0,9.1,2.9375
A001,2000-05-26,0.0,2916.0,19.175,26.4,12.2,92.0,29.0,7.5,1.7583333333333335
A001,2000-05-27,0.0,2886.0,19.8625,26.8,12.2,81.0,26.0,5.3,1.3791666666666667
A001,2000-05-28,0.0,2665.0,20.245833333333334,27.1,13.7,74.0,30.0,6.5,0.9666666666666667
A001,2000-05-29,0.0,2580.0,20.391666666666666,26.3,14.0,91.0,35.0,5.0,1.4124999999999999
A001,2000-05-30,0.0,2836.0,21.008333333333333,28.0,14.1,87.0,20.0,7.3,1.0916666666666666
A001,2000-05-31,0.0,2715.0,21.041666666666668,27.6,14.6,85.0,30.0,5.4,1.125
A001,2000-06-01,0.0,2708.0,20.11764705882353,26.8,15.3,79.0,35.0,5.8,1.488235294117647
A001,2000-06-02,0.0,2741.0,25.033333333333335,27.3,21.6,52.0,33.0,6.6,2.3555555555555556
A001,2000-06-03,0.0,2860.0,20.833333333333332,27.0,14.6,87.0,30.0,9.4,2.6166666666666667
A001,2000-06-04,0.0,2813.0,19.7625,25.4,15.0,89.0,37.0,9.4,3.4625000000000004
A001,2000-06-05,0.0,2831.0,18.633333333333333,24.0,13.3,90.0,42.0,8.8,3.4125
A001,2000-06-06,0.0,2799.0,17.983333333333334,24.3,12.7,91.0,43.0,12.2,2.7458333333333336
A001,2000-06-07,0.0,2844.0,17.941666666666666,23.8,13.1,87.0,43.0,8.4,3.2541666666666664
A001,2000-06-08,0.0,2891.0,18.491666666666667,24.8,13.2,86.0,40.0,7.4,2.7416666666666667
A001,2000-06-09,0.0,2895.0,18.766666666666666,25.0,13.2,86.0,34.0,8.4,2.3208333333333333
A001,2000-06-10,0.0,2857.0,19.2375,25.2,13.7,81.0,30.0,8.9,2.4791666666666665
A001,2000-06-11,0.0,2793.0,18.55,,,,,,1.625
A001,2000-06-12,0.0,2675.0,18.712500000000002,,,,,,1.5875000000000001
A001,2000-06-13,0.0,2715.0,19.554166666666667,26.0,12.6,86.0,37.0,6.8,1.6708333333333334
A001,2000-06-14,0.0,2907.0,20.629166666666666,26.4,15.3,87.0,36.0,7.8,2.3249999999999997
A001,2000-06-15,0.0,2841.0,19.85833333333333,25.1,15.6,80.0,36.0,9.2,3.704166666666666
A001,2000-06-16,0.0,2819.0,18.670833333333334,24.7,14.0,81.0,30.0,9.6,3.283333333333333
A001,2000-06-17,0.0,2808.0,18.2,24.2,12.0,79.0,29.0,10.1,2.7708333333333335
A001,2000-06-18,0.0,2791.0,18.495833333333334,25.9,12.2,83.0,30.0,7.5,2.0208333333333335
A001,2000-06-19,0.0,2756.0,19.383333333333333,26.9,12.2,87.0,30.0,5.9,1.3208333333333333
A001,2000-06-20,0.0,2734.0,20.458333333333332,27.7,13.4,83.0,29.0,6.3,1.5708333333333335
A001,2000-06-21,0.0,2699.0,19.929166666666667,26.1,14.3,85.0,41.0,8.6,2.433333333333333
A001,2000-06-22,0.0,2782.0,18.412499999999998,25.5,13.1,94.0,30.0,7.2,2.475
A001,2000-06-23,0.0,2764.0,19.462500000000002,26.1,13.2,84.0,36.0,9.1,2.9
A001,2000-06-24,0.0,2785.0,19.454166666666666,25.8,13.3,86.0,38.0,8.3,3.0208333333333335
A001,2000-06-25,0.0,2815.0,19.516666666666666,25.9,13.0,75.0,27.0,6.9,2.6916666666666664
A001,2000-06-26,0.0,2833.0,19.479166666666668,27.0,11.4,75.0,16.0,6.9,2.0708333333333333
A001,2000-06-27,0.0,2807.0,19.191666666666666,26.2,12.8,58.0,17.0,7.2,1.4875
A001,2000-06-28,0.0,2819.0,19.400000000000002,26.7,12.4,66.0,23.0,12.2,2.654166666666667
A001,2000-06-29,0.0,2777.0,20.2625,26.5,13.7,64.0,30.0,7.4,2.908333333333333
A001,2000-06-30,0.0,2666.0,20.26666666666667,26.7,13.0,80.0,27.0,7.3,1.825
A001,2000-07-01,0.0,2779.0,20.675,27.7,13.2,69.0,27.0,8.3,2.5083333333333333
A001,2000-07-02,0.0,2744.0,20.125,25.5,16.0,75.0,34.0,7.1,2.6791666666666667
A001,2000-07-03,0.0,2855.0,19.483333333333334,25.9,14.0,84.0,34.0,10.0,2.7291666666666665
A001,2000-07-04,0.0,2425.0,17.595833333333335,22.3,13.5,81.0,41.0,11.6,3.8125
A001,2000-07-05,0.0,2755.0,17.029166666666665,22.4,12.7,79.0,41.0,13.4,5.004166666666666
A001,2000-07-06,0.0,2455.0,16.3625,21.1,12.1,88.0,53.0,9.1,3.579166666666667
A001,2000-07-07,0.0,2699.0,17.904166666666665,23.1,14.2,83.0,44.0,10.0,3.4333333333333336
A001,2000-07-08,0.0,2809.0,18.633333333333333,25.1,12.6,88.0,39.0,8.6,2.8708333333333336
A001,2000-07-09,0.0,2818.0,19.170833333333334,25.0,13.0,90.0,36.0,8.1,2.983333333333333
A001,2000-07-10,0.0,2847.0,19.162499999999998,25.3,14.5,79.0,34.0,10.3,3.266666666666667
A001,2000-07-11,0.0,2640.0,19.55,26.6,12.2,88.0,33.0,20.8,1.7208333333333332
A001,2000-07-12,0.0,2760.0,19.6125,24.9,14.8,81.0,46.0,6.6,1.9666666666666668
A001,2000-07-13,0.0,2684.0,16.729166666666668,23.6,11.9,89.0,47.0,8.1,3.1166666666666667
A001,2000-07-14,0.0,2695.0,18.116666666666667,25.0,12.3,87.0,35.0,9.0,3.0541666666666667
A001,2000-07-15,0.0,2755.0,19.133333333333333,25.6,13.6,89.0,40.0,7.9,2.5
A001,2000-07-16,0.0,2492.0,19.691666666666666,24.6,15.1,83.0,42.0,9.5,2.6875
A001,2000-07-17,0.0,2441.0,15.379166666666668,23.7,9.2,76.0,14.0,8.3,2.5333333333333337
A001,2000-07-18,0.0,2938.0,16.95,27.5,8.4,67.0,13.0,9.1,1.4291666666666665
A001,2000-07-19,0.0,2801.0,19.412499999999998,27.4,10.3,56.0,16.0,7.1,2.025
A001,2000-07-20,0.0,2818.0,19.575,27.7,13.1,63.0,19.0,9.2,1.9166666666666667
A001,2000-07-21,0.0,2783.0,21.045833333333334,28.9,13.6,70.0,22.0,9.3,2.1958333333333333
A001,2000-07-22,0.0,2706.0,22.025000000000002,29.1,16.3,81.0,32.0,8.9,2.316666666666667
A001,2000-07-23,0.0,2759.0,21.587500000000002,28.6,16.4,88.0,34.0,11.1,3.15
A001,2000-07-24,0.0,2797.0,17.120833333333334,24.1,12.2,99.0,51.0,7.9,2.1125000000000003
A001,2000-07-25,0.0,2694.0,20.625,28.7,13.9,93.0,31.0,7.3,1.6624999999999999
A001,2000-07-26,0.2,2884.0,21.183333333333334,27.1,16.9,89.0,41.0,7.4,2.7875
A001,2000-07-27,0.0,2956.0,21.175,26.9,16.4,88.0,39.0,9.4,3.3125
A001,2000-07-28,0.0,3009.0,19.841666666666665,25.7,14.7,82.0,27.0,10.2,3.1958333333333333
A001,2000-07-29,0.0,2925.0,18.329166666666666,24.5,12.2,83.0,30.0,8.4,2.2583333333333333
A001,2000-07-30,0.0,3035.0,19.370833333333334,26.8,11.7,77.0,22.0,8.9,2.4458333333333333
A001,2000-07-31,0.0,3045.0,19.575,26.4,13.2,67.0,15.0,7.1,2.4583333333333335
A001,2000-08-01,0.0,2560.0,18.595833333333335,25.2,12.9,56.0,24.0,7.7,3.0749999999999997
A001,2000-08-02,0.0,2982.0,19.008333333333333,26.8,13.3,68.0,18.0,7.5,2.75
A001,2000-08-03,0.0,2965.0,20.429166666666667,27.6,14.3,74.0,23.0,7.3,2.4583333333333335
A001,2000-08-04,0.0,2985.0,21.691666666666666,28.5,15.3,67.0,23.0,6.7,1.7125000000000001
A001,2000-08-05,0.0,2960.0,21.295833333333334,26.3,17.5,62.0,36.0,9.4,3.920833333333333
A001,2000-08-06,0.0,2440.0,19.808333333333334,26.1,14.7,77.0,32.0,9.3,3.529166666666667
A001,2000-08-07,0.0,3049.0,20.775000000000002,27.9,13.9,66.0,19.0,11.2,2.5124999999999997
A001,2000-08-08,0.0,3054.0,21.304166666666667,27.8,13.7,56.0,18.0,8.8,2.591666666666667
A001,2000-08-09,0.0,2866.0,21.412499999999998,28.6,14.7,55.0,18.0,7.5,2.0541666666666667
A001,2000-08-10,0.0,2939.0,22.5,29.5,15.2,68.0,26.0,5.5,1.1916666666666667
A001,2000-08-11,0.0,2854.0,23.84583333333333,29.4,17.3,69.0,27.0,6.2,1.6875
A001,2000-08-12,0.0,2965.0,22.53333333333333,29.1,16.6,72.0,28.0,6.9,2.4
A001,2000-08-13,0.0,2969.0,21.47083333333333,27.7,16.1,71.0,35.0,9.4,3.1999999999999997
A001,2000-08-14,0.0,3026.0,21.441666666666666,28.1,16.5,80.0,29.0,8.6,3.454166666666667
A001,2000-08-15,0.0,3126.0,20.662499999999998,27.0,14.9,69.0,25.0,7.8,3.0
A001,2000-08-16,0.0,3162.0,20.854166666666668,28.1,13.8,66.0,19.0,10.6,3.0749999999999997
A001,2000-08-17,0.0,3156.0,20.991666666666667,26.6,16.4,57.0,21.0,9.8,3.7541666666666664
A001,2000-08-18,0.0,3067.0,20.966666666666665,27.8,14.1,63.0,25.0,8.2,2.158333333333333
A001,2000-08-19,0.0,3153.0,21.69583333333333,28.0,14.2,66.0,22.0,7.4,2.129166666666667
A001,2000-08-20,0.0,3176.0,21.816666666666666,27.4,16.1,56.0,25.0,9.0,3.225
A001,2000-08-21,0.0,3205.0,20.883333333333333,26.6,16.2,53.0,21.0,8.8,3.65
A001,2000-08-22,0.0,3191.0,21.266666666666666,27.4,16.2,56.0,23.0,8.4,2.7583333333333333
A001,2000-08-23,0.0,3267.0,21.733333333333334,28.6,15.0,59.0,22.0,7.3,2.3375
A001,2000-08-24,0.0,2519.0,22.391666666666666,28.5,14.8,65.0,25.0,6.7,1.9666666666666668
A001,2000-08-25,0.0,2696.0,24.162499999999998,30.2,19.3,51.0,23.0,9.4,2.8833333333333333
A001,2000-08-26,0.0,3150.0,26.004166666666666,32.6,19.5,51.0,17.0,8.1,1.7874999999999999
A001,2000-08-27,0.0,2150.0,25.141666666666666,30.7,19.1,56.0,25.0,7.8,1.8208333333333335
A001,2000-08-28,0.0,2993.0,24.816666666666666,31.0,20.5,63.0,27.0,13.0,3.516666666666666
A001,2000-08-29,6.8,444.0,16.733333333333334,24.7,14.8,98.0,51.0,11.2,3.4625
A001,2000-08-30,0.2,1890.0,17.991666666666667,24.2,14.6,97.0,58.0,7.7,3.2874999999999996
A001,2000-08-31,0.0,3252.0,21.545833333333334,28.1,16.8,89.0,40.0,8.4,3.1916666666666664
A001,2000-09-01,8.2,3255.0,21.522727272727273,29.2,18.2,92.0,35.0,8.4,2.3846153846153846
A001,2000-09-02,0.0,,19.98,20.9,19.4,93.0,75.0,,
A001,2000-09-04,0.0,920.0,21.35,24.0,20.2,68.0,54.0,5.9,2.575
A001,2000-09-05,0.0,3410.0,19.8875,26.8,15.9,97.0,43.0,8.2,3.016666666666667
A001,2000-09-06,0.0,2617.0,20.724999999999998,25.8,16.4,88.0,52.0,11.9,3.4416666666666664
A001,2000-09-07,2.4,3182.0,19.095833333333335,26.1,16.1,97.0,49.0,8.4,2.1791666666666667
A001,2000-09-08,7.0,2573.0,19.2,23.1,16.9,97.0,64.0,7.9,3.045833333333333
A001,2000-09-09,15.6,3094.0,19.900000000000002,27.0,16.2,97.0,48.0,7.4,2.2666666666666666
A001,2000-09-10,1.6,3328.0,19.543478260869566,26.9,16.7,97.0,48.0,8.4,2.6608695652173915
A001,2000-09-11,0.0,3411.0,22.679166666666664,27.8,18.9,91.0,42.0,9.6,2.775
A001,2000-09-12,0.0,3271.0,23.191666666666666,28.4,19.1,71.0,38.0,8.3,2.858333333333333
A001,2000-09-13,7.8,3314.0,22.495238095238093,28.4,19.3,92.0,41.0,9.0,2.0619047619047617
A001,2000-09-14,4.4,3401.0,21.099999999999998,26.9,17.2,94.0,45.0,10.5,2.6833333333333336
A001,2000-09-15,0.4,2829.0,21.979166666666668,27.2,18.4,88.0,47.0,8.6,2.4499999999999997
A001,2000-09-16,0.0,3568.0,23.175,28.8,19.3,86.0,37.0,8.5,2.245833333333333
A001,2000-09-17,0.0,3200.0,23.679166666666664,28.8,18.8,75.0,34.0,8.6,3.0583333333333336
A001,2000-09-18,0.0,3625.0,23.09166666666667,28.3,18.3,70.0,32.0,10.5,4.6000000000000005
A001,2000-09-19,0.0,3592.0,22.400000000000002,27.8,17.1,72.0,32.0,10.8,4.604347826086957
A001,2000-09-20,0.0,3609.0,21.870833333333334,27.5,16.4,69.0,29.0,11.2,4.345833333333333
A001,2000-09-21,0.0,3636.0,21.991666666666664,27.3,16.7,64.0,27.0,10.6,3.3249999999999997
A001,2000-09-22,0.0,3585.0,21.933333333333334,28.2,15.1,64.0,24.0,8.0,2.0875
A001,2000-09-23,0.0,3589.0,22.962500000000002,28.6,16.9,62.0,22.0,8.6,2.875
A001,2000-09-24,0.0,3479.0,22.712500000000002,29.7,14.8,62.0,19.0,7.0,2.0625
A001,2000-09-25,0.0,3421.0,24.245833333333334,31.4,17.8,59.0,18.0,8.0,1.5333333333333332
A001,2000-09-26,0.0,3309.0,22.920833333333334,30.0,16.6,92.0,27.0,10.5,3.475
A001,2000-09-27,2.4,708.0,17.5,24.9,15.0,96.0,44.0,12.0,4.1499999999999995
A001,2000-09-28,0.0,3562.0,18.733333333333334,23.9,15.5,91.0,46.0,11.4,4.583333333333333
A001,2000-09-29,0.0,3783.0,20.191666666666666,26.5,14.8,89.0,32.0,9.9,4.266666666666667
A001,2000-09-30,0.0,3696.0,21.912499999999998,27.2,16.7,69.0,31.0,10.8,3.483333333333334
A001,2000-10-01,0.0,2961.0,22.108333333333334,27.9,16.6,75.0,31.0,8.7,2.5708333333333333
A001,2000-10-02,0.0,1885.0,21.912499999999998,26.9,18.4,73.0,38.0,6.1,1.8041666666666665
A001,2000-10-03,0.0,3480.0,22.916666666666668,30.2,15.7,85.0,29.0,6.7,1.5708333333333335
A001,2000-10-04,0.2,2190.0,23.420833333333334,28.3,18.5,82.0,38.0,9.2,2.2083333333333335
A001,2000-10-05,0.0,2888.0,22.995833333333334,28.3,19.2,86.0,39.0,8.9,2.1083333333333334
A001,2000-10-06,15.0,3298.0,21.84166666666667,29.3,16.6,97.0,37.0,13.6,2.4833333333333334
A001,2000-10-07,4.2,3678.0,21.025000000000002,26.9,16.2,96.0,42.0,9.5,2.6750000000000003
A001,2000-10-08,0.0,2986.0,22.979166666666668,27.8,18.8,84.0,42.0,6.6,2.441666666666667
A001,2000-10-09,0.0,3601.0,23.375,28.5,19.4,80.0,35.0,10.3,3.3208333333333333
A001,2000-10-10,0.0,3631.0,23.837500000000002,29.6,18.6,78.0,28.0,8.5,3.5
A001,2000-10-11,0.0,3639.0,24.620833333333334,30.0,19.3,73.0,19.0,8.9,2.4916666666666667
A001,2000-10-12,0.0,3690.0,24.445833333333336,30.8,17.5,62.0,21.0,8.0,2.2416666666666667
A001,2000-10-13,0.0,3708.0,25.166666666666668,30.7,18.2,62.0,19.0,12.4,2.3375
A001,2000-10-14,0.0,3692.0,24.7625,30.8,17.7,68.0,19.0,9.6,2.1458333333333335
A001,2000-10-15,0.0,3777.0,24.766666666666666,31.1,17.3,53.0,19.0,11.6,3.2458333333333336
A001,2000-10-16,0.0,3763.0,24.2375,29.3,19.6,60.0,29.0,10.1,3.829166666666667
A001,2000-10-17,0.0,3877.0,23.570833333333336,28.4,18.1,63.0,25.0,9.1,3.5875
A001,2000-10-18,0.0,3519.0,24.287499999999998,29.4,19.3,56.0,24.0,10.7,3.0041666666666664
A001,2000-10-19,0.0,3828.0,25.0625,31.1,18.0,50.0,19.0,10.6,2.829166666666667
A001,2000-10-20,0.0,3567.0,25.40416666666667,32.2,18.7,65.0,19.0,6.7,1.6083333333333334
A001,2000-10-21,0.0,3783.0,25.787499999999998,31.8,19.7,58.0,24.0,9.3,2.2875
A001,2000-10-22,3.0,3497.0,24.099999999999998,31.9,18.7,74.0,27.0,10.6,1.9291666666666665
A001,2000-10-23,0.0,3537.0,22.8625,30.3,17.6,91.0,30.0,9.8,2.6125000000000003
A001,2000-10-24,0.0,3420.0,22.229166666666668,29.3,18.1,93.0,35.0,8.5,1.8250000000000002
A001,2000-10-25,0.0,3505.0,23.729166666666668,31.0,17.5,80.0,26.0,9.6,1.7958333333333334
A001,2000-10-26,0.0,3463.0,24.641666666666666,30.2,19.5,78.0,29.0,9.5,2.65
A001,2000-10-27,0.0,3499.0,25.608333333333334,31.2,20.3,53.0,26.0,9.4,2.4583333333333335
A001,2000-10-28,70.8,2681.0,22.129166666666666,29.1,17.4,98.0,42.0,10.5,2.6791666666666667
A001,2000-10-29,22.2,3462.0,21.775000000000002,28.0,18.0,97.0,45.0,11.6,1.6875
A001,2000-10-30,8.4,1693.0,18.854166666666668,21.8,17.0,97.0,79.0,7.5,1.875
A001,2000-10-31,9.6,2445.0,19.129166666666666,23.7,17.3,97.0,70.0,6.0,1.5416666666666667
A001,2000-11-01,0.2,3096.0,20.316666666666666,25.5,17.7,97.0,58.0,8.3,2.6916666666666664
A001,2000-11-02,5.8,3347.0,19.912499999999998,24.6,18.0,96.0,67.0,9.9,2.725
A001,2000-11-03,3.4,2938.0,20.129166666666666,26.2,16.9,96.0,55.0,7.8,2.1583333333333337
A001,2000-11-04,3.6,3726.0,20.466666666666665,25.6,18.0,97.0,60.0,12.8,2.566666666666667
A001,2000-11-05,5.8,1438.0,18.529166666666665,21.1,17.4,97.0,83.0,8.0,1.7666666666666666
A001,2000-11-06,5.0,2182.0,19.391666666666666,23.8,17.5,98.0,70.0,10.1,2.629166666666667
A001,2000-11-07,0.6,2781.0,20.150000000000002,23.8,18.3,96.0,64.0,12.5,3.8125
A001,2000-11-08,2.2,3401.0,20.0,24.4,18.0,97.0,67.0,10.5,3.0208333333333335
A001,2000-11-09,0.0,1496.0,19.958333333333332,22.9,17.6,95.0,69.0,12.3,4.091666666666667
A001,2000-11-10,0.0,3569.0,21.46666666666667,26.8,18.1,93.0,54.0,8.5,3.2125
A001,2000-11-11,0.0,3153.0,21.508333333333336,26.6,17.8,95.0,56.0,9.1,2.4541666666666666
A001,2000-11-12,1.2,2458.0,20.5625,26.2,17.8,95.0,59.0,14.1,3.2875
A001,2000-11-13,0.2,2755.0,21.558333333333334,26.4,18.4,94.0,57.0,13.0,3.6916666666666664
A001,2000-11-14,2.2,3289.0,21.0,26.3,18.2,96.0,60.0,13.2,3.766666666666667
A001,2000-11-15,9.4,2290.0,20.541666666666668,26.9,17.7,96.0,55.0,8.7,2.2875
A001,2000-11-16,6.2,3531.0,20.162499999999998,27.0,17.9,97.0,60.0,9.0,1.7541666666666667
A001,2000-11-17,5.0,1803.0,19.2625,22.1,18.0,97.0,77.0,6.9,1.9875
A001,2000-11-18,0.0,3331.0,21.075,27.5,17.0,98.0,39.0,9.6,3.5124999999999997
A001,2000-11-19,0.0,3222.0,21.6125,27.1,17.8,92.0,45.0,14.3,2.279166666666667
A001,2000-11-20,7.6,3370.0,19.479166666666668,24.6,16.2,97.0,56.0,8.0,2.4291666666666667
A001,2000-11-21,3.0,3323.0,20.266666666666666,26.0,16.8,96.0,53.0,8.1,1.1875
A001,2000-11-22,7.8,3733.0,21.141666666666666,28.6,17.4,96.0,42.0,10.8,1.9958333333333333
A001,2000-11-23,0.0,3950.0,22.787499999999998,28.3,17.0,96.0,34.0,8.6,2.6875
A001,2000-11-24,0.0,3487.0,23.291666666666668,28.6,18.1,70.0,32.0,8.3,2.5541666666666667
A001,2000-11-25,2.8,3414.0,21.97083333333333,28.3,16.8,87.0,37.0,9.2,2.3333333333333335
A001,2000-11-26,5.0,3526.0,19.733333333333334,26.5,16.5,95.0,47.0,6.9,1.3791666666666667
A001,2000-11-27,1.6,853.0,18.662499999999998,19.8,17.8,97.0,85.0,6.6,1.4625000000000001
A001,2000-11-28,7.0,3293.0,19.2375,23.5,17.8,97.0,69.0,8.4,2.1
A001,2000-11-29,0.0,2907.0,20.34705882352941,24.7,17.9,96.0,56.0,9.4,2.123529411764706
A001,2000-11-30,1.4,3033.0,21.233333333333334,26.5,17.9,96.0,53.0,10.1,2.1458333333333335
A001,2000-12-01,1.0,2920.0,21.647058823529413,27.3,18.8,92.0,52.0,13.9,2.823529411764706
A001,2000-12-02,2.4,3571.0,22.523529411764706,28.2,18.2,96.0,49.0,9.5,3.623529411764706
A001,2000-12-03,3.6,3274.0,20.870833333333334,26.0,18.1,96.0,60.0,8.7,2.829166666666667
A001,2000-12-04,0.0,3509.0,22.142857142857142,27.4,18.5,92.0,49.0,11.7,2.895238095238095
A001,2000-12-05,2.2,3194.0,22.18125,27.8,19.5,94.0,56.0,9.9,2.5625
A001,2000-12-06,0.4,3137.0,21.577777777777776,27.0,18.8,95.0,56.0,10.0,2.85
A001,2000-12-07,0.2,3128.0,21.883333333333336,27.5,18.2,95.0,54.0,8.6,1.7375
A001,2000-12-08,0.0,3539.0,22.78666666666667,26.1,19.7,96.0,57.0,6.3,1.7266666666666666
A001,2000-12-09,1.6,3341.0,21.53076923076923,25.4,19.0,95.0,65.0,10.4,2.536363636363636
A001,2000-12-14,1.6,2384.0,20.7125,25.3,18.4,97.0,64.0,10.0,2.41875
A001,2000-12-15,0.0,2375.0,21.41,23.7,19.3,94.0,71.0,9.4,3.5200000000000005
A001,2000-12-22,0.0,851.0,22.32,24.2,20.7,83.0,68.0,4.9,2.08
A001,2000-12-23,1.0,3954.0,21.59583333333333,28.3,18.6,95.0,50.0,9.8,1.6041666666666667
A001,2000-12-24,9.2,3676.0,22.275000000000002,27.7,17.9,96.0,43.0,15.7,2.1416666666666666
A001,2000-12-25,1.8,3540.0,22.7,28.1,18.1,95.0,47.0,8.7,2.8833333333333333
A001,2000-12-26,0.0,3873.0,23.683333333333334,28.6,18.4,85.0,36.0,10.9,3.091666666666667
A001,2000-12-27,0.0,3925.0,23.745833333333334,29.6,17.2,91.0,26.0,6.8,2.3208333333333333
A001,2000-12-28,26.8,3966.0,22.72083333333333,30.5,17.8,92.0,26.0,11.3,1.5416666666666667
A001,2000-12-29,2.4,3953.0,22.433333333333334,27.6,17.6,93.0,42.0,9.6,2.1041666666666665
A001,2000-12-30,3.2,3840.0,22.145833333333332,28.4,19.2,94.0,47.0,8.5,2.1
A001,2000-12-31,8.8,3736.0,21.40416666666667,27.4,18.0,97.0,53.0,9.0,2.7541666666666664
A401,2000-10-05,0.0,3323.0,27.580000000000002,29.7,25.1,85.0,66.0,8.2,2.4
A401,2000-10-06,0.0,2873.0,26.085714285714282,29.5,23.4,88.0,59.0,11.0,3.22
A401,2000-10-07,0.0,3495.0,25.491666666666664,29.4,22.3,90.0,59.0,11.2,3.091666666666667
A401,2000-10-08,0.0,3668.0,25.40416666666667,29.3,22.8,87.0,59.0,8.1,2.1458333333333335
A401,2000-10-09,0.0,3713.0,25.21666666666667,28.9,22.6,82.0,58.0,7.4,1.9958333333333333
A401,2000-10-10,0.0,3645.0,25.183333333333334,28.5,23.3,80.0,62.0,7.6,2.1041666666666665
A401,2000-10-11,0.0,3680.0,25.55,28.8,23.6,83.0,62.0,6.9,2.370833333333333
A401,2000-10-12,0.2,3215.0,25.712500000000002,29.3,23.8,84.0,63.0,8.4,2.316666666666667
A401,2000-10-13,0.0,3673.0,25.650000000000002,29.4,22.9,86.0,58.0,7.0,2.025
A401,2000-10-14,0.0,3765.0,25.5625,29.2,23.1,88.0,61.0,9.1,2.0416666666666665
A401,2000-10-15,0.0,3599.0,25.420833333333334,28.8,22.8,85.0,57.0,7.5,2.125
A401,2000-10-16,0.8,2368.0,24.691666666666666,26.9,22.5,87.0,65.0,9.8,1.9875
A401,2000-10-17,0.0,3769.0,25.525000000000002,28.2,23.5,82.0,61.0,7.6,2.6125000000000003
A401,2000-10-18,0.0,3771.0,25.866666666666664,29.6,23.9,81.0,57.0,7.6,2.1333333333333333
A401,2000-10-19,0.0,3693.0,25.570833333333336,29.2,23.2,86.0,57.0,8.1,1.925
A401,2000-10-20,0.0,3790.0,25.608333333333334,29.7,22.1,83.0,48.0,6.8,1.6125
A401,2000-10-21,0.0,3831.0,25.875,30.4,23.0,83.0,56.0,8.9,2.3291666666666666
A401,2000-10-22,0.0,3910.0,25.608333333333334,30.1,23.1,88.0,62.0,9.1,2.1791666666666667
A401,2000-10-23,0.0,3738.0,26.245833333333334,29.7,24.0,85.0,60.0,8.8,2.404166666666667
A401,2000-10-24,0.2,2901.0,25.708333333333332,29.3,23.7,86.0,62.0,11.4,2.5833333333333335
A401,2000-10-25,0.2,3739.0,25.495833333333334,29.6,23.4,88.0,62.0,7.9,2.058333333333333
A401,2000-10-26,0.2,3158.0,25.65416666666667,30.3,23.6,84.0,55.0,7.9,2.0749999999999997
A401,2000-10-27,0.0,3516.0,25.587500000000002,29.7,22.4,85.0,55.0,9.1,2.0416666666666665
A401,2000-10-28,3.0,2816.0,25.183333333333334,27.8,23.1,92.0,71.0,10.1,2.129166666666667
A401,2000-10-29,0.0,2352.0,25.945833333333336,30.5,23.2,90.0,64.0,10.2,2.2624999999999997
A401,2000-10-30,0.0,3720.0,26.525000000000002,30.0,23.9,90.0,61.0,8.1,2.0875
A401,2000-10-31,0.4,3210.0,25.9375,29.5,23.1,90.0,58.0,8.8,1.9541666666666666
A401,2000-11-01,0.0,3887.0,25.875,29.3,23.3,82.0,61.0,6.5,1.7666666666666666
A401,2000-11-02,1.2,1938.0,25.191666666666666,28.3,23.6,91.0,71.0,7.8,1.5583333333333333
A401,2000-11-03,0.8,2856.0,24.675,28.7,23.1,94.0,65.0,7.6,1.4625000000000001
A401,2000-11-04,0.2,2515.0,26.02916666666667,30.6,24.2,92.0,59.0,11.8,2.0208333333333335
A401,2000-11-05,0.0,2094.0,25.900000000000002,30.4,24.3,86.0,60.0,10.0,2.095833333333333
A401,2000-11-06,2.0,2301.0,25.933333333333334,28.9,24.6,87.0,68.0,9.7,2.5875
A401,2000-11-07,0.0,3140.0,26.366666666666664,30.6,23.9,88.0,58.0,9.7,2.1999999999999997
A401,2000-11-08,29.2,1771.0,24.083333333333332,28.0,21.6,96.0,62.0,11.3,1.1875
A401,2000-11-09,0.2,2808.0,25.320833333333336,28.7,23.1,91.0,62.0,7.2,1.1166666666666667
A401,2000-11-10,1.2,2999.0,25.854166666666668,30.1,22.9,94.0,60.0,8.2,1.825
A401,2000-11-11,0.0,2504.0,26.34583333333333,29.9,24.5,87.0,65.0,8.8,2.025
A401,2000-11-12,0.2,3814.0,26.379166666666666,31.8,23.5,87.0,54.0,7.8,2.1750000000000003
A401,2000-11-13,0.0,3330.0,26.912499999999998,31.4,24.8,88.0,59.0,10.1,2.0416666666666665
A401,2000-11-14,0.0,3328.0,26.929166666666664,31.8,24.2,87.0,51.0,11.3,2.8791666666666664
A401,2000-11-15,0.0,2500.0,26.412499999999998,30.5,23.8,89.0,60.0,10.0,2.5875
A401,2000-11-16,0.0,3806.0,26.308333333333334,29.7,24.1,93.0,64.0,9.2,2.4541666666666666
A401,2000-11-17,0.0,3438.0,26.083333333333332,29.7,23.8,89.0,69.0,7.5,2.0749999999999997
A401,2000-11-18,0.0,3572.0,26.191666666666666,30.0,24.0,89.0,63.0,7.3,1.7791666666666668
A401,2000-11-19,0.4,3811.0,26.03333333333333,28.9,24.0,89.0,69.0,7.5,1.8
A401,2000-11-20,1.0,3873.0,25.837500000000002,29.5,22.4,92.0,50.0,8.1,1.8916666666666666
A401,2000-11-21,0.6,3657.0,25.912499999999998,29.8,23.0,93.0,61.0,8.1,1.875
A401,2000-11-22,0.0,3619.0,26.3625,29.5,23.7,90.0,61.0,9.3,2.025
A401,2000-11-23,4.4,3476.0,25.804166666666664,29.0,23.9,91.0,61.0,8.3,1.9333333333333333
A401,2000-11-24,0.2,3688.0,26.349999999999998,29.8,23.7,89.0,64.0,7.9,1.8666666666666665
A401,2000-11-25,0.0,3643.0,26.291666666666668,29.5,23.9,90.0,65.0,7.3,1.7583333333333335
A401,2000-11-26,0.0,3815.0,26.650000000000002,30.4,24.5,85.0,53.0,8.3,2.3916666666666666
A401,2000-11-27,0.0,3849.0,26.608333333333334,30.5,23.5,89.0,58.0,9.5,2.6791666666666667
A401,2000-11-28,1.2,3856.0,26.47083333333333,30.3,24.1,89.0,57.0,10.0,2.5749999999999997
A401,2000-11-29,0.8,3821.0,26.337500000000002,30.0,23.8,89.0,61.0,8.6,2.216666666666667
A401,2000-11-30,0.2,3172.0,26.099999999999998,29.7,23.8,89.0,59.0,10.5,2.095833333333333
A401,2000-12-01,0.0,3483.0,26.879166666666666,31.8,23.3,88.0,53.0,9.8,2.3208333333333333
A401,2000-12-02,0.0,2691.0,26.15833333333333,31.0,23.7,87.0,59.0,10.5,2.3958333333333335
A401,2000-12-03,0.6,2903.0,26.933333333333334,30.5,25.0,85.0,55.0,12.0,2.495833333333333
A401,2000-12-04,0.0,2101.0,26.441666666666666,29.9,24.4,85.0,58.0,11.4,2.6
A401,2000-12-05,0.0,3033.0,26.650000000000002,30.9,24.0,87.0,53.0,11.1,2.795833333333333
A401,2000-12-06,0.0,2603.0,26.84166666666667,31.3,24.6,86.0,55.0,11.3,2.9916666666666667
A401,2000-12-07,0.0,3973.0,26.71666666666667,31.3,24.4,88.0,59.0,9.5,2.3958333333333335
A401,2000-12-08,0.0,3734.0,26.916666666666668,31.1,24.3,92.0,56.0,8.3,1.9749999999999999
A401,2000-12-09,0.0,3669.0,26.608333333333334,30.8,24.0,90.0,55.0,8.1,1.95
A401,2000-12-10,0.0,3387.0,26.14782608695652,30.5,23.1,87.0,49.0,8.1,1.9043478260869564
A401,2000-12-11,0.8,2553.0,25.275000000000002,28.0,23.4,90.0,68.0,7.4,1.625
A401,2000-12-12,2.0,3597.0,26.295833333333334,30.4,24.1,92.0,68.0,8.5,1.8625
A401,2000-12-13,1.0,1370.0,24.425,26.3,23.1,94.0,76.0,7.5,1.0875000000000001
A401,2000-12-14,6.2,1135.0,23.395833333333332,26.0,21.4,95.0,76.0,9.1,1.1583333333333334
A401,2000-12-15,8.8,730.0,22.075,23.0,21.6,96.0,85.0,12.5,2.8375
A401,2000-12-16,1.2,1787.0,23.875,28.8,21.6,89.0,63.0,8.5,2.1666666666666665
A401,2000-12-17,0.0,2361.0,25.28333333333333,30.3,22.5,90.0,60.0,7.6,2.0
A401,2000-12-18,0.6,2600.0,25.358333333333334,29.4,23.3,93.0,67.0,7.8,1.3
A401,2000-12-19,2.6,1992.0,26.129166666666666,28.9,23.9,88.0,69.0,8.7,1.6916666666666667
A401,2000-12-20,0.0,3501.0,26.7375,31.1,24.3,85.0,57.0,10.2,2.2666666666666666
A401,2000-12-21,0.0,3222.0,26.116666666666664,30.1,23.5,91.0,60.0,7.7,1.6041666666666667
A401,2000-12-22,0.0,3878.0,26.0,30.0,23.3,92.0,61.0,7.5,1.675
A401,2000-12-23,1.0,3894.0,26.0,29.8,23.4,91.0,68.0,7.4,1.5291666666666668
A401,2000-12-24,1.8,3680.0,26.308333333333334,29.7,23.5,93.0,58.0,9.0,2.245833333333333
A401,2000-12-25,0.0,3786.0,26.491666666666664,29.7,23.8,85.0,61.0,7.3,1.9041666666666668
A401,2000-12-26,0.2,3856.0,26.708333333333332,29.9,24.3,86.0,64.0,7.3,1.7416666666666665
A401,2000-12-27,2.0,3778.0,25.991666666666664,29.7,23.7,92.0,65.0,8.0,1.6666666666666667
A401,2000-12-28,0.2,3446.0,26.383333333333336,30.1,23.7,89.0,62.0,9.7,1.8583333333333334
A401,2000-12-29,0.0,3939.0,26.804166666666664,30.9,24.2,88.0,57.0,10.1,2.0875
A401,2000-12-30,0.0,3701.0,26.15416666666667,30.4,22.9,89.0,55.0,10.7,2.0875
A401,2000-12-31,0.0,3354.0,26.316666666666666,30.5,24.0,90.0,64.0,9.6,1.7375
A101,2000-05-09,0.0,386.0,27.266666666666666,29.8,25.5,91.0,65.0,2.9,0.3333333333333333
A101,2000-05-10,0.0,3179.0,26.8,32.2,23.8,98.0,58.0,10.2,0.7000000000000001
A101,2000-05-11,1.0,3244.0,26.875,31.3,23.9,98.0,60.0,55.0,0.9083333333333333
A101,2000-05-12,2.4,1054.0,25.483333333333334,27.8,24.0,97.0,79.0,6.9,1.2458333333333333
A101,2000-05-13,0.6,2424.0,25.770833333333332,30.6,23.2,98.0,66.0,72.9,1.1125
A101,2000-05-14,0.0,3291.0,26.258333333333336,31.1,22.5,98.0,61.0,75.7,0.9083333333333333
A101,2000-05-15,6.4,3170.0,26.1875,31.8,23.5,97.0,64.0,93.5,0.8291666666666667
A101,2000-05-16,0.0,2726.0,25.825,30.7,23.9,96.0,65.0,32.1,1.3125
A101,2000-05-17,2.2,1423.0,24.829166666666666,26.6,23.4,98.0,79.0,78.7,0.7916666666666666
A101,2000-05-18,0.0,3169.0,26.375,31.5,23.1,97.0,58.0,46.7,0.9458333333333333
A101,2000-05-19,0.8,1733.0,25.663157894736845,28.1,24.1,96.0,76.0,14.6,0.7947368421052632
A101,2000-05-22,0.8,3350.0,27.79,30.7,24.7,96.0,62.0,4.8,1.08
A101,2000-05-23,1.8,,26.108333333333334,25.5,23.1,98.0,87.0,65.3,0.9708333333333333
A101,2000-05-24,7.4,2152.0,26.041666666666668,31.9,23.9,96.0,64.0,53.4,0.7791666666666667
A101,2000-05-25,0.2,3189.0,25.633333333333336,31.7,22.2,98.0,63.0,64.5,0.9375
A101,2000-05-26,0.0,3183.0,27.3,32.0,23.7,96.0,58.0,6.0,1.1125
A101,2000-05-27,2.6,2919.0,26.537499999999998,31.4,23.5,98.0,65.0,13.2,0.7166666666666667
A101,2000-05-28,0.0,3314.0,26.520833333333332,31.4,23.8,96.0,62.0,4.4,0.8583333333333334
A101,2000-05-29,4.0,3245.0,26.46666666666667,30.7,23.2,97.0,65.0,8.7,0.9208333333333334
A101,2000-05-30,0.4,3113.0,25.770833333333332,30.4,22.5,97.0,63.0,9.1,1.0833333333333333
A101,2000-05-31,0.0,3158.0,27.175,32.4,23.8,98.0,58.0,4.2,0.8583333333333334
A101,2000-06-01,3.2,2905.0,25.795833333333334,31.1,23.2,96.0,67.0,84.5,0.8250000000000001
A101,2000-06-02,0.2,3172.0,25.316666666666666,30.7,23.1,97.0,62.0,10.3,1.2708333333333333
A101,2000-06-03,0.0,3195.0,26.679166666666664,31.6,22.2,96.0,58.0,5.9,1.0666666666666667
A101,2000-06-04,2.2,3237.0,25.891666666666666,31.3,22.8,97.0,66.0,63.8,0.6291666666666668
A101,2000-06-05,0.2,3153.0,26.90833333333333,31.5,23.5,98.0,55.0,90.0,1.2291666666666667
A101,2000-06-06,6.0,2727.0,26.84583333333333,31.3,23.0,98.0,59.0,36.5,1.425
A101,2000-06-07,0.0,3163.0,26.954166666666666,31.9,22.5,96.0,53.0,33.0,0.8541666666666666
A101,2000-06-08,0.0,3105.0,26.958333333333332,32.2,22.4,97.0,55.0,69.0,0.7833333333333333
A101,2000-06-09,0.0,3140.0,27.366666666666664,32.9,23.0,97.0,52.0,55.3,1.0166666666666666
A101,2000-06-10,0.0,3081.0,27.270833333333332,32.5,23.4,96.0,56.0,82.2,0.9625
A101,2000-06-11,0.0,2806.0,27.59166666666667,31.5,23.9,95.0,58.0,18.0,1.4333333333333333
A101,2000-06-12,2.0,3095.0,26.462500000000002,31.2,23.8,97.0,62.0,13.0,0.8958333333333334
A101,2000-06-13,0.0,2989.0,26.566666666666666,31.8,22.5,97.0,57.0,4.5,1.1333333333333333
A101,2000-06-14,3.8,2922.0,27.004166666666666,31.9,24.7,95.0,61.0,28.5,1.1666666666666667
A101,2000-06-15,0.8,3109.0,25.795833333333334,31.1,22.8,97.0,63.0,7.8,1.1083333333333334
A101,2000-06-16,0.0,3101.0,26.183333333333334,31.6,22.8,97.0,58.0,7.6,1.3208333333333333
A101,2000-06-17,0.8,3087.0,26.59166666666667,31.1,24.3,94.0,58.0,6.6,1.5
A101,2000-06-18,0.2,2975.0,26.820833333333336,31.6,24.2,97.0,58.0,13.3,1.0666666666666667
A101,2000-06-19,2.8,2276.0,25.34166666666667,28.8,23.0,97.0,73.0,11.6,0.9083333333333333
A101,2000-06-20,0.4,2658.0,25.333333333333332,30.8,22.4,97.0,62.0,5.3,0.9166666666666666
A101,2000-06-21,4.4,2677.0,26.099999999999998,30.6,23.4,97.0,64.0,68.3,0.8375
A101,2000-06-22,2.4,2453.0,25.3,28.1,23.6,97.0,76.0,5.2,0.9416666666666668
A101,2000-06-23,6.2,3537.0,25.72083333333333,30.6,23.5,97.0,65.0,42.1,0.9500000000000001
A101,2000-06-24,0.2,3329.0,26.21666666666667,31.3,23.0,97.0,62.0,8.5,1.0374999999999999
A101,2000-06-25,1.2,3113.0,25.775000000000002,31.5,22.2,98.0,62.0,47.2,0.9958333333333332
A101,2000-06-26,0.0,3090.0,26.333333333333332,31.6,22.9,97.0,58.0,63.8,0.8666666666666667
A101,2000-06-27,0.0,3061.0,26.858333333333334,31.8,22.6,97.0,57.0,84.0,0.9041666666666667
A101,2000-06-28,0.0,3092.0,27.087500000000002,31.8,23.5,97.0,52.0,70.1,0.7583333333333333
A101,2000-06-29,1.4,3063.0,26.820833333333336,31.5,24.1,94.0,59.0,20.8,0.9083333333333333
A101,2000-06-30,0.0,3113.0,26.704166666666666,31.6,23.0,97.0,60.0,6.3,1.1541666666666666
A101,2000-07-01,0.0,3037.0,27.7625,31.4,24.6,94.0,63.0,32.4,1.5041666666666667
A101,2000-07-02,0.0,3065.0,27.545833333333334,32.4,23.2,95.0,57.0,66.6,1.1666666666666667
A101,2000-07-03,0.0,2988.0,27.082608695652173,31.9,24.8,90.0,58.0,6.7,1.4130434782608696
A101,2000-07-04,5.4,1423.0,25.40416666666667,28.1,22.4,97.0,74.0,11.4,0.65
A101,2000-07-05,1.4,2298.0,25.629166666666666,29.9,23.6,97.0,69.0,26.2,0.7999999999999999
A101,2000-07-06,1.6,3240.0,25.3875,31.8,23.4,97.0,55.0,30.6,0.9583333333333334
A101,2000-07-07,0.0,2520.0,25.479166666666668,30.8,22.3,97.0,61.0,19.6,0.9541666666666666
A101,2000-07-08,1.8,3031.0,25.46666666666667,30.8,22.7,97.0,63.0,34.0,0.8041666666666667
A101,2000-07-09,0.0,2578.0,25.6875,30.3,22.7,97.0,64.0,84.6,1.1083333333333334
A101,2000-07-10,0.0,3137.0,26.708333333333332,32.1,22.8,96.0,56.0,44.5,0.8125
A101,2000-07-11,3.0,2715.0,25.858333333333334,30.5,22.9,97.0,64.0,7.5,1.2208333333333334
A101,2000-07-12,0.0,2562.0,26.025000000000002,30.7,24.1,93.0,64.0,6.7,1.6083333333333334
A101,2000-07-13,4.8,1287.0,22.95,25.6,20.7,96.0,72.0,11.0,2.091666666666667
A101,2000-07-14,0.0,2386.0,23.579166666666666,27.7,21.5,94.0,57.0,99.7,1.3875
A101,2000-07-15,0.0,1768.0,23.808333333333334,26.2,21.3,95.0,70.0,6.7,1.6916666666666667
A101,2000-07-16,0.0,3220.0,25.179166666666664,30.5,21.2,97.0,55.0,5.7,1.5416666666666667
A101,2000-07-17,0.0,2070.0,25.675,29.8,22.8,96.0,62.0,71.3,0.5458333333333333
A101,2000-07-18,0.0,3123.0,25.287499999999998,31.0,22.0,96.0,58.0,89.8,0.8624999999999999
A101,2000-07-19,0.4,2961.0,25.316666666666666,30.7,22.5,97.0,63.0,33.8,1.0374999999999999
A101,2000-07-20,0.2,3187.0,26.05,30.0,23.0,96.0,63.0,29.2,1.5041666666666667
A101,2000-07-21,0.0,3216.0,26.241666666666664,31.3,22.7,92.0,55.0,6.2,1.3583333333333334
A101,2000-07-22,1.0,3208.0,26.137500000000003,32.5,22.7,97.0,56.0,12.3,0.8333333333333334
A101,2000-07-23,0.0,3200.0,26.795833333333334,32.4,22.1,98.0,47.0,24.6,1.0416666666666667
A101,2000-07-24,7.8,2724.0,25.391666666666666,29.7,22.6,96.0,65.0,13.2,1.0875000000000001
A101,2000-07-25,1.8,3181.0,25.883333333333336,31.0,23.0,97.0,61.0,5.6,0.775
A101,2000-07-26,0.0,3214.0,26.045833333333334,30.6,23.0,97.0,62.0,19.0,1.0791666666666666
A101,2000-07-27,0.2,2959.0,26.695833333333336,31.5,23.5,96.0,56.0,10.7,0.8583333333333334
A101,2000-07-28,0.0,3118.0,26.95,32.6,22.1,97.0,49.0,98.4,0.9791666666666666
A101,2000-07-29,0.0,3277.0,27.329166666666666,33.5,22.7,96.0,49.0,88.4,0.8624999999999999
A101,2000-07-30,0.4,3205.0,26.708333333333332,32.5,22.5,96.0,56.0,95.5,1.0875000000000001
A101,2000-07-31,60.4,1364.0,23.791666666666668,27.8,20.2,98.0,76.0,10.1,0.9916666666666667
A101,2000-08-01,0.2,3363.0,25.066666666666666,31.7,20.7,98.0,54.0,17.6,0.8916666666666666
A101,2000-08-02,0.0,3311.0,26.537499999999998,32.2,22.0,97.0,53.0,10.8,0.7458333333333332
A101,2000-08-03,0.0,3236.0,27.241666666666664,32.6,22.8,96.0,53.0,93.1,1.1416666666666666
A101,2000-08-04,0.0,3266.0,27.854166666666668,32.5,23.7,93.0,58.0,47.4,1.4083333333333332
A101,2000-08-05,0.0,3314.0,26.84166666666667,32.0,23.2,96.0,55.0,13.2,1.0166666666666666
A101,2000-08-06,0.0,3611.0,26.866666666666664,32.4,22.4,95.0,55.0,81.3,0.9833333333333334
A101,2000-08-07,17.6,2160.0,24.704166666666666,27.8,21.5,97.0,68.0,11.0,1.0791666666666666
A101,2000-08-08,0.0,3360.0,25.566666666666666,32.0,22.1,97.0,61.0,92.4,1.0416666666666667
A101,2000-08-09,0.0,3237.0,27.333333333333332,32.4,23.5,97.0,56.0,6.7,1.5208333333333333
A101,2000-08-10,13.0,3356.0,26.787499999999998,32.9,22.2,96.0,52.0,13.2,1.3583333333333334
A101,2000-08-11,0.0,3293.0,26.625,32.9,22.7,97.0,45.0,65.0,0.8083333333333332
A101,2000-08-12,0.4,3351.0,26.400000000000002,31.1,21.8,94.0,60.0,6.3,1.3791666666666667
A101,2000-08-13,1.2,2597.0,23.837500000000002,28.0,21.1,96.0,68.0,7.8,1.4666666666666668
A101,2000-08-14,0.0,2474.0,24.8625,30.6,22.7,96.0,59.0,16.7,0.9916666666666667
A101,2000-08-15,0.0,2930.0,24.941666666666666,30.0,22.4,97.0,61.0,48.1,0.725
A101,2000-08-16,0.0,3403.0,26.77916666666667,32.6,22.7,97.0,55.0,25.7,0.8250000000000001
A101,2000-08-17,0.4,3345.0,27.5,33.0,23.0,97.0,52.0,7.3,0.9500000000000001
A101,2000-08-18,0.0,3291.0,28.008333333333336,33.6,23.7,97.0,45.0,10.9,1.0166666666666666
A101,2000-08-19,0.0,2579.0,27.6375,31.8,24.0,90.0,61.0,70.0,0.9625
A101,2000-08-20,0.2,2115.0,25.695833333333336,30.3,23.0,95.0,65.0,86.5,0.8958333333333334
A101,2000-08-21,0.0,3316.0,27.295833333333334,33.1,23.2,97.0,50.0,93.6,0.9208333333333334
A101,2000-08-22,2.8,1400.0,25.733333333333334,29.4,24.0,95.0,66.0,24.8,0.75
A101,2000-08-23,0.0,3406.0,26.979166666666668,33.0,23.5,97.0,57.0,94.6,1.0125
A101,2000-08-24,0.0,3356.0,27.5125,32.9,23.5,96.0,54.0,71.9,1.1291666666666667
A101,2000-08-25,0.0,3382.0,28.245833333333334,33.5,22.8,96.0,49.0,45.7,1.4583333333333333
A101,2000-08-26,4.0,3465.0,27.474999999999998,31.3,24.8,93.0,65.0,23.5,1.1291666666666667
A101,2000-08-27,0.0,3525.0,27.395833333333332,33.3,22.2,97.0,48.0,57.8,1.0083333333333333
A101,2000-08-28,0.2,3447.0,28.354166666666668,33.5,23.7,94.0,47.0,22.3,0.9125
A101,2000-08-29,0.0,3430.0,28.920833333333334,34.0,24.2,95.0,46.0,89.8,0.9500000000000001
A101,2000-08-30,0.0,3410.0,28.445833333333336,34.1,23.3,94.0,46.0,30.7,1.0958333333333334
A101,2000-08-31,0.0,3425.0,29.058333333333334,34.1,24.3,88.0,47.0,12.2,1.4000000000000001
A101,2000-09-01,0.0,3325.0,28.566666666666666,33.2,25.3,90.0,52.0,40.8,1.1208333333333333
A101,2000-09-02,0.0,3170.0,27.945833333333336,32.8,23.9,91.0,51.0,19.0,1.2291666666666667
A101,2000-09-03,0.0,3440.0,28.099999999999998,33.8,23.6,97.0,43.0,5.5,0.9416666666666668
A101,2000-09-04,0.0,3471.0,28.6875,34.6,23.9,96.0,44.0,6.8,1.2041666666666666
A101,2000-09-05,0.0,3403.0,28.695833333333336,34.8,24.4,93.0,47.0,86.1,1.075
A101,2000-09-06,6.4,1861.0,24.758333333333336,27.8,22.1,95.0,71.0,6.5,1.4958333333333333
A101,2000-09-07,0.0,3483.0,25.795833333333334,31.5,21.5,96.0,54.0,79.8,0.9958333333333332
A101,2000-09-08,0.0,3501.0,27.691666666666666,33.9,23.9,96.0,52.0,7.1,1.3916666666666666
A101,2000-09-09,0.0,3488.0,28.916666666666668,34.8,23.6,94.0,46.0,13.3,1.25
A101,2000-09-10,0.0,3436.0,28.3,34.3,24.9,84.0,53.0,9.1,1.5416666666666667
A101,2000-09-11,0.0,3612.0,27.358333333333334,34.8,22.4,93.0,46.0,19.5,1.4166666666666667
A101,2000-09-12,0.0,2692.0,27.258333333333336,31.3,24.0,95.0,62.0,89.4,0.9333333333333335
A101,2000-09-13,0.0,3620.0,28.204761904761902,34.5,24.2,96.0,52.0,6.1,1.2619047619047619
A101,2000-09-14,0.0,3551.0,29.329166666666666,35.1,24.7,95.0,44.0,6.0,1.2041666666666668
A101,2000-09-15,0.0,1533.0,26.97142857142857,30.2,24.1,91.0,63.0,5.6,0.5428571428571428
A101,2000-09-17,0.0,3521.0,28.00526315789474,32.8,23.1,92.0,47.0,6.0,1.6894736842105265
A101,2000-09-18,0.0,3525.0,27.59166666666667,34.6,23.9,94.0,43.0,8.5,0.9500000000000001
A101,2000-09-19,34.8,2687.0,25.458333333333332,30.0,21.8,97.0,58.0,13.5,1.125
A101,2000-09-20,0.0,3602.0,26.425,32.1,23.7,95.0,57.0,8.4,0.9458333333333333
A101,2000-09-21,0.0,3545.0,26.0,32.2,22.1,95.0,54.0,6.2,0.9249999999999999
A101,2000-09-22,0.2,3490.0,27.191666666666666,33.5,23.3,93.0,52.0,8.1,0.9208333333333334
A101,2000-09-23,0.0,3518.0,27.479166666666668,33.5,23.2,95.0,55.0,8.9,1.3041666666666667
A101,2000-09-24,0.0,3688.0,28.87826086956522,34.0,24.4,96.0,47.0,6.1,1.0478260869565217
A101,2000-09-25,0.0,3482.0,28.379166666666666,33.4,24.8,92.0,53.0,6.6,1.2874999999999999
A101,2000-09-26,6.8,1461.0,26.695652173913043,29.0,24.6,96.0,70.0,7.9,1.1521739130434783
A101,2000-09-27,28.0,767.0,24.645833333333332,26.7,21.3,97.0,82.0,13.1,1.225
A101,2000-09-28,61.4,1717.0,23.445833333333336,27.4,21.4,97.0,77.0,11.8,1.0833333333333333
A101,2000-09-29,0.0,3373.0,25.429166666666664,31.0,22.3,97.0,60.0,4.7,0.8791666666666668
A101,2000-09-30,0.2,3525.0,27.083333333333332,32.3,23.6,93.0,52.0,5.6,1.5166666666666666
A101,2000-10-01,3.2,1666.0,24.583333333333332,29.6,22.2,95.0,71.0,11.2,1.4166666666666667
A101,2000-10-02,0.2,3742.0,25.2375,31.4,21.8,97.0,59.0,5.7,1.1624999999999999
A101,2000-10-03,8.8,2690.0,25.708333333333332,30.8,22.2,97.0,57.0,9.2,0.8416666666666667
A101,2000-10-04,0.0,3607.0,27.575,33.2,23.1,96.0,53.0,5.1,0.8833333333333333
A101,2000-10-05,0.2,3126.0,27.212500000000002,31.8,24.1,94.0,56.0,5.3,1.0166666666666666
A101,2000-10-06,0.0,3501.0,26.754166666666666,32.1,23.9,96.0,57.0,6.7,1.1958333333333333
A101,2000-10-07,0.0,3537.0,26.766666666666666,32.4,23.5,96.0,57.0,5.6,0.8833333333333333
A101,2000-10-08,1.8,2526.0,26.016666666666666,32.2,23.1,94.0,58.0,12.5,0.8708333333333332
A101,2000-10-09,0.2,3546.0,25.900000000000002,33.1,22.4,96.0,55.0,13.9,1.1791666666666667
A101,2000-10-10,0.0,,25.0125,26.4,23.6,96.0,81.0,3.4,0.425
A101,2000-10-17,0.0,684.0,29.366666666666664,31.9,27.8,78.0,55.0,3.7,0.6666666666666666
A101,2000-10-18,0.0,3412.0,28.325,34.0,24.4,96.0,49.0,5.3,0.9500000000000001
A101,2000-10-19,7.0,3412.0,27.40833333333333,33.3,23.3,96.0,56.0,13.0,1.0791666666666668
A101,2000-10-20,0.0,3459.0,26.895833333333332,33.7,24.1,96.0,52.0,11.4,0.9083333333333333
A101,2000-10-21,0.0,3460.0,27.8,33.6,23.8,96.0,49.0,6.4,1.1500000000000001
A101,2000-10-22,0.8,3537.0,27.333333333333332,33.3,24.3,93.0,54.0,7.7,1.4041666666666668
A101,2000-10-23,0.2,3450.0,26.808333333333334,31.8,24.3,96.0,54.0,7.2,1.0208333333333333
A101,2000-10-24,0.0,3534.0,27.02916666666667,32.3,24.6,96.0,62.0,8.9,1.25
A101,2000-10-25,0.0,3457.0,27.620833333333334,33.2,24.0,95.0,55.0,11.3,1.3375000000000001
A101,2000-10-26,0.0,3388.0,28.120833333333334,34.0,24.2,96.0,51.0,6.8,1.0250000000000001
A101,2000-10-27,0.0,3382.0,28.054166666666664,34.0,24.6,94.0,55.0,7.2,1.3708333333333333
A101,2000-10-28,4.2,3393.0,26.8875,33.1,23.8,95.0,57.0,7.9,1.2375
A101,2000-10-29,1.0,1476.0,25.25,27.5,23.6,95.0,75.0,6.8,1.3625
A101,2000-10-30,1.6,3558.0,27.082608695652173,32.0,23.6,96.0,57.0,7.3,1.3739130434782607
A101,2000-10-31,0.0,3421.0,28.416666666666668,34.1,24.4,95.0,53.0,5.5,1.0875000000000001
A101,2000-11-01,0.0,3026.0,28.370833333333334,32.7,24.9,92.0,56.0,6.4,1.1708333333333334
A101,2000-11-02,0.0,3526.0,28.754166666666666,33.3,25.8,95.0,61.0,5.8,1.1791666666666667
A101,2000-11-03,0.0,2507.0,28.487499999999997,33.4,24.4,93.0,54.0,5.0,1.0416666666666667
A101,2000-11-04,0.4,3340.0,27.791666666666668,33.3,24.7,93.0,59.0,5.9,1.3875
A101,2000-11-05,0.0,3496.0,28.270833333333332,33.7,24.8,95.0,56.0,6.8,1.7083333333333333
A101,2000-11-06,23.2,3024.0,26.90416666666667,33.5,20.8,96.0,57.0,15.8,2.0833333333333335
A101,2000-11-07,0.4,3143.0,25.7375,31.8,22.0,95.0,57.0,6.5,1.7291666666666667
A101,2000-11-08,0.0,3511.0,28.795833333333334,34.2,24.1,96.0,49.0,6.1,1.2541666666666667
A101,2000-11-09,0.0,3300.0,28.266666666666666,32.8,25.1,95.0,59.0,6.9,1.0708333333333333
A101,2000-11-10,0.0,3509.0,27.59166666666667,32.9,24.3,93.0,61.0,7.9,1.7750000000000001
A101,2000-11-11,16.8,3475.0,26.645833333333332,34.1,22.2,95.0,53.0,13.8,1.4375
A101,2000-11-12,0.6,3292.0,27.391666666666666,33.3,23.4,95.0,56.0,6.2,1.3041666666666665
A101,2000-11-13,2.2,3552.0,28.633333333333336,33.7,24.6,91.0,52.0,6.2,1.4708333333333332
A101,2000-11-14,50.0,3194.0,26.166666666666668,33.6,20.9,97.0,57.0,15.3,1.6291666666666667
A101,2000-11-15,0.0,3557.0,25.375,31.7,21.0,96.0,56.0,4.5,0.9166666666666666
A101,2000-11-16,0.0,3556.0,27.879166666666666,32.8,23.6,96.0,55.0,4.5,0.8666666666666667
A101,2000-11-17,4.4,3461.0,27.425,33.1,23.9,95.0,58.0,8.2,1.2458333333333333
A101,2000-11-18,3.4,2601.0,25.474999999999998,29.9,23.0,95.0,64.0,5.5,1.0875
A101,2000-11-19,0.8,2975.0,26.1125,31.5,23.4,95.0,55.0,7.4,1.2249999999999999
A101,2000-11-20,0.2,3190.0,25.837500000000002,30.9,22.8,95.0,60.0,5.2,1.2916666666666667
A101,2000-11-21,5.2,1343.0,24.825,29.3,23.0,96.0,73.0,12.9,1.2375
A101,2000-11-22,0.0,3337.0,25.912499999999998,31.1,22.7,96.0,57.0,5.2,0.7916666666666666
A101,2000-11-23,0.0,3400.0,27.2,32.6,22.6,96.0,54.0,4.8,0.9500000000000001
A101,2000-11-24,0.0,3438.0,28.241666666666664,33.2,23.6,94.0,50.0,5.6,1.1166666666666667
A101,2000-11-25,3.2,3432.0,28.016666666666666,33.5,24.4,94.0,52.0,9.1,1.1208333333333333
A101,2000-11-26,3.8,2615.0,26.166666666666668,30.2,23.8,95.0,65.0,5.3,1.0041666666666667
A101,2000-11-27,0.0,3432.0,27.3125,33.0,23.5,96.0,51.0,9.6,0.8916666666666666
A101,2000-11-28,0.0,3501.0,28.162499999999998,33.4,24.2,96.0,53.0,9.3,1.0458333333333334
A101,2000-11-29,5.4,3433.0,28.491666666666664,33.6,24.2,96.0,49.0,11.8,1.4416666666666667
A101,2000-11-30,0.0,,24.799999999999997,25.7,23.7,96.0,88.0,2.2,0.15555555555555556
A101,2000-12-01,0.2,3303.0,30.75,33.3,26.8,80.0,53.0,10.3,1.8333333333333333
A101,2000-12-02,0.6,3135.0,27.412499999999998,33.0,24.1,95.0,54.0,5.5,1.0333333333333334
A101,2000-12-03,0.0,3223.0,27.337500000000002,31.7,24.5,96.0,62.0,6.9,0.8166666666666668
A101,2000-12-04,0.0,3207.0,28.212500000000002,33.8,24.2,95.0,50.0,5.9,0.8791666666666668
A101,2000-12-05,0.0,,27.066666666666666,28.3,25.9,84.0,74.0,3.0,0.5444444444444445
A101,2000-12-06,0.0,3161.0,30.03,31.7,27.2,80.0,57.0,5.5,1.46
A101,2000-12-07,0.4,3046.0,27.78333333333333,32.7,24.4,95.0,57.0,5.5,1.1416666666666666
A101,2000-12-08,0.0,,25.925,28.8,25.0,95.0,73.0,1.4,0.125
A101,2000-12-09,0.0,3413.0,29.90909090909091,32.0,26.2,89.0,55.0,6.9,1.22
A101,2000-12-10,14.8,3195.0,26.3,30.8,23.8,96.0,66.0,6.2,0.7869565217391304
A101,2000-12-11,0.0,,25.3,26.0,25.0,96.0,87.0,2.0,0.07500000000000001
A101,2000-12-12,0.0,2812.0,29.433333333333334,33.2,25.0,92.0,54.0,10.6,2.0166666666666666
A101,2000-12-13,0.0,2953.0,28.59166666666667,32.8,26.0,87.0,51.0,8.2,1.7541666666666667
A101,2000-12-14,1.2,2728.0,27.441666666666666,31.2,25.4,86.0,55.0,7.7,1.4291666666666665
A101,2000-12-15,0.0,,26.2,27.3,25.4,80.0,70.0,4.3,1.5
A101,2000-12-16,0.0,3382.0,30.941666666666666,33.4,24.1,90.0,45.0,5.2,1.2333333333333332
A101,2000-12-17,14.6,3070.0,26.212500000000002,30.0,20.2,97.0,59.0,16.9,1.1125
A101,2000-12-18,0.0,,24.185714285714287,25.8,23.6,95.0,85.0,4.3,0.5571428571428572
A101,2000-12-19,0.0,2240.0,26.518181818181816,28.4,24.3,90.0,68.0,5.3,1.25
A101,2000-12-20,0.8,1719.0,24.4375,30.3,23.2,95.0,69.0,6.5,0.49375
A101,2000-12-21,0.0,,24.12857142857143,24.8,23.2,95.0,89.0,4.7,0.9
A101,2000-12-22,0.0,3484.0,29.808333333333334,32.1,24.7,95.0,57.0,5.2,1.6916666666666667
A101,2000-12-23,0.2,2577.0,26.842857142857145,33.3,23.5,94.0,52.0,6.5,0.8428571428571429
A101,2000-12-24,0.0,,25.688888888888886,27.3,24.3,95.0,77.0,4.7,0.4555555555555555
A101,2000-12-25,1.6,1900.0,26.65,29.5,22.4,96.0,70.0,3.1,0.71
A101,2000-12-26,0.2,3262.0,26.558333333333334,31.6,23.5,96.0,60.0,7.7,1.25
A101,2000-12-27,0.0,,25.3,26.9,24.8,92.0,80.0,3.1,0.7166666666666667
A101,2000-12-28,0.2,3452.0,31.025000000000002,33.3,25.5,80.0,52.0,6.5,2.1083333333333334
A101,2000-12-29,0.4,3100.0,27.55,32.4,24.1,96.0,59.0,7.6,1.0041666666666667
A101,2000-12-30,0.0,,24.8125,26.3,23.7,95.0,81.0,2.2,0.075
A101,2000-12-31,0.0,2880.0,26.6625,28.3,24.5,91.0,70.0,4.1,1.25
A601,2000-05-07,0.0,549.0,22.233333333333334,23.0,20.8,87.0,67.0,8.7,2.0416666666666665
A601,2000-05-08,0.0,1830.0,22.15416666666667,26.5,19.7,93.0,58.0,5.3,0.9791666666666666
A601,2000-05-09,0.4,1475.0,21.900000000000002,26.0,20.3,97.0,68.0,12.5,2.433333333333333
A601,2000-05-10,0.0,2807.0,20.729166666666668,26.5,15.1,97.0,41.0,12.5,2.0749999999999997
A601,2000-05-11,8.2,2521.0,20.349999999999998,25.3,17.9,97.0,49.0,12.2,2.5458333333333334
A601,2000-05-12,0.8,2682.0,20.116666666666667,26.5,16.2,98.0,42.0,9.5,1.4375
A601,2000-05-13,0.0,2636.0,20.254166666666666,26.8,14.8,96.0,44.0,14.6,1.4124999999999999
A601,2000-05-14,0.0,2642.0,20.675,28.1,15.1,97.0,40.0,7.8,2.0291666666666663
A601,2000-05-15,0.0,2542.0,20.912499999999998,29.8,15.6,98.0,40.0,19.6,2.3375
A601,2000-05-16,0.0,,19.133333333333333,20.0,18.7,97.0,93.0,2.2,0.6333333333333333
A601,2000-05-24,0.0,6.0,18.933333333333334,22.6,17.8,88.0,65.0,3.8,1.3
A601,2000-05-25,0.2,2529.0,20.191666666666666,28.2,13.3,97.0,34.0,9.8,2.2291666666666665
A601,2000-05-26,0.0,,19.46666666666667,22.1,17.2,79.0,54.0,2.6,1.0666666666666667
A601,2000-05-29,0.0,1742.0,19.05,24.0,14.7,89.0,47.0,6.4,2.2333333333333334
A601,2000-05-30,0.0,2471.0,17.991666666666667,27.6,12.4,96.0,44.0,9.0,2.2708333333333335
A601,2000-05-31,0.2,2332.0,19.029166666666665,28.1,13.7,98.0,34.0,9.5,1.9875
A601,2000-06-01,0.8,538.0,19.004166666666666,21.1,16.7,96.0,67.0,7.8,0.7833333333333333
A601,2000-06-02,0.0,1266.0,19.408333333333335,23.5,17.1,95.0,63.0,25.0,1.1375
A601,2000-06-03,0.0,1817.0,20.400000000000002,25.2,16.8,97.0,58.0,6.4,1.25
A601,2000-06-04,0.0,2352.0,20.3875,26.1,16.4,95.0,43.0,7.8,1.1666666666666667
A601,2000-06-05,0.0,2427.0,18.995833333333334,26.7,12.2,97.0,39.0,11.0,2.4791666666666665
A601,2000-06-06,0.0,2445.0,21.620833333333334,28.4,15.3,96.0,36.0,10.6,2.85
A601,2000-06-07,0.0,2419.0,22.625,29.1,18.1,78.0,38.0,11.5,2.595833333333333
A601,2000-06-08,0.0,2422.0,23.741666666666664,31.1,18.1,80.0,30.0,10.0,2.2624999999999997
A601,2000-06-09,0.0,2267.0,23.383333333333336,31.2,17.2,88.0,33.0,8.7,2.8833333333333333
A601,2000-06-10,0.0,2191.0,21.2375,27.3,18.0,97.0,53.0,7.9,1.6666666666666667
A601,2000-06-11,0.0,2243.0,21.775000000000002,29.9,17.0,98.0,37.0,8.7,1.8541666666666667
A601,2000-06-12,0.0,2347.0,22.483333333333334,31.4,17.2,96.0,28.0,9.5,2.466666666666667
A601,2000-06-13,0.0,2240.0,20.25,28.9,14.7,98.0,44.0,7.7,1.9000000000000001
A601,2000-06-14,0.2,2254.0,21.05,28.9,15.9,98.0,47.0,5.5,1.4166666666666667
A601,2000-06-15,0.2,2307.0,21.454166666666666,29.1,15.8,98.0,42.0,10.0,1.625
A601,2000-06-16,0.0,2384.0,21.979166666666668,29.9,15.9,97.0,34.0,8.6,2.0833333333333335
A601,2000-06-17,0.0,2378.0,22.5625,31.2,15.2,93.0,31.0,8.3,2.6666666666666665
A601,2000-06-18,0.0,2297.0,21.329166666666666,28.9,16.1,97.0,49.0,10.4,2.4041666666666663
A601,2000-06-19,0.0,1923.0,23.087500000000002,31.2,15.9,99.0,39.0,8.2,1.6208333333333333
A601,2000-06-20,0.0,1999.0,23.287499999999998,30.7,18.2,91.0,40.0,9.7,2.7458333333333336
A601,2000-06-21,1.0,891.0,19.104166666666668,23.0,17.5,98.0,74.0,13.6,2.9250000000000003
A601,2000-06-22,0.2,2443.0,16.758333333333333,24.3,10.4,98.0,23.0,10.6,1.5541666666666665
A601,2000-06-23,0.0,2417.0,15.966666666666667,25.7,8.7,95.0,34.0,6.0,1.8958333333333333
A601,2000-06-24,0.0,2412.0,21.3,29.6,11.8,94.0,30.0,12.8,3.529166666666667
A601,2000-06-25,0.0,2279.0,25.275000000000002,32.4,20.1,55.0,27.0,9.9,3.3083333333333336
A601,2000-06-26,0.0,2284.0,25.55,31.6,21.0,93.0,29.0,10.5,3.8249999999999997
A601,2000-06-27,0.0,2196.0,22.995833333333334,31.1,19.4,96.0,37.0,11.6,2.533333333333333
A601,2000-06-28,0.0,2202.0,22.71666666666667,29.8,18.6,98.0,44.0,5.8,1.3416666666666668
A601,2000-06-29,0.0,2327.0,25.666666666666668,32.2,19.1,92.0,30.0,10.3,3.3666666666666667
A601,2000-06-30,0.0,2138.0,25.90416666666667,33.8,21.1,77.0,25.0,15.5,3.5875
A601,2000-07-01,0.0,2404.0,21.104166666666668,27.1,14.9,97.0,42.0,10.6,1.7249999999999999
A601,2000-07-02,0.0,2447.0,20.966666666666665,29.3,12.8,98.0,38.0,11.7,2.4125
A601,2000-07-03,0.2,1813.0,22.795833333333334,28.5,19.1,90.0,41.0,13.7,3.6125000000000003
A601,2000-07-04,2.6,514.0,20.3125,21.8,19.1,97.0,82.0,7.0,2.4541666666666666
A601,2000-07-05,1.4,1634.0,19.391666666666666,22.6,18.3,97.0,76.0,5.1,1.6458333333333333
A601,2000-07-06,0.2,2403.0,21.070833333333333,27.4,16.5,98.0,48.0,7.3,1.3625
A601,2000-07-07,0.0,2415.0,22.233333333333334,28.8,17.4,96.0,40.0,9.3,2.4250000000000003
A601,2000-07-08,0.0,2408.0,23.55,30.1,17.1,91.0,37.0,10.1,2.841666666666667
A601,2000-07-09,0.0,2409.0,25.491666666666664,31.7,21.6,69.0,31.0,9.3,3.0749999999999997
A601,2000-07-10,0.0,2421.0,26.070833333333336,31.8,21.8,64.0,33.0,12.9,3.345833333333333
A601,2000-07-11,0.0,2418.0,26.766666666666666,33.3,22.3,68.0,33.0,9.2,2.9499999999999997
A601,2000-07-12,0.0,1823.0,23.325,27.2,18.4,94.0,52.0,10.9,4.0625
A601,2000-07-13,1.0,968.0,17.904166666666665,20.2,15.9,94.0,60.0,9.5,2.8708333333333336
A601,2000-07-14,1.0,517.0,16.345833333333335,17.8,15.2,97.0,75.0,5.8,1.7958333333333334
A601,2000-07-15,0.0,2455.0,19.3,27.4,13.8,96.0,45.0,12.6,2.8083333333333336
A601,2000-07-16,13.6,757.0,17.733333333333334,21.0,16.1,97.0,72.0,11.9,2.9375
A601,2000-07-17,0.0,2586.0,15.229166666666666,20.0,9.1,92.0,31.0,8.9,2.154166666666667
A601,2000-07-18,0.0,2298.0,13.670833333333334,21.7,8.6,96.0,40.0,5.5,1.5999999999999999
A601,2000-07-19,0.0,2082.0,16.941666666666666,27.3,10.3,95.0,33.0,11.1,2.433333333333333
A601,2000-07-20,0.0,1887.0,16.920833333333334,21.4,13.5,94.0,48.0,8.0,1.7166666666666668
A601,2000-07-21,0.2,2412.0,16.429166666666667,26.5,9.9,97.0,46.0,15.1,1.8166666666666667
A601,2000-07-22,0.0,2314.0,23.391666666666666,30.8,15.2,92.0,41.0,13.4,3.4416666666666664
A601,2000-07-23,8.2,296.0,20.983333333333334,26.0,17.1,97.0,56.0,12.1,2.433333333333333
A601,2000-07-24,1.4,1136.0,16.441666666666666,18.9,14.5,96.0,65.0,9.0,2.908333333333333
A601,2000-07-25,0.0,616.0,16.67083333333333,19.1,14.9,94.0,65.0,15.4,0.5750000000000001
A601,2000-07-26,0.0,963.0,17.7,20.4,14.3,97.0,71.0,6.8,1.5666666666666667
A601,2000-07-27,0.2,1568.0,18.495833333333334,21.7,16.5,96.0,66.0,8.2,2.1041666666666665
A601,2000-07-28,0.0,2065.0,18.066666666666666,24.1,15.0,96.0,42.0,5.7,0.9625
A601,2000-07-29,0.0,2672.0,17.433333333333334,26.1,10.9,96.0,34.0,7.7,1.8833333333333335
A601,2000-07-30,0.2,2641.0,17.8875,28.1,11.1,96.0,33.0,9.4,2.7541666666666664
A601,2000-07-31,0.0,2535.0,17.933333333333334,25.8,12.1,97.0,45.0,9.6,2.4583333333333335
A601,2000-08-01,0.0,2205.0,20.058333333333334,26.9,14.7,97.0,47.0,7.7,1.7541666666666667
A601,2000-08-02,0.0,2449.0,21.837500000000002,29.6,15.7,98.0,37.0,10.6,2.2666666666666666
A601,2000-08-03,0.2,2579.0,22.883333333333336,29.3,19.0,89.0,43.0,13.1,4.033333333333333
A601,2000-08-04,13.0,1832.0,18.3625,21.6,15.7,97.0,76.0,13.6,3.529166666666667
A601,2000-08-05,0.0,1729.0,16.895833333333332,21.1,13.2,94.0,43.0,24.8,1.1833333333333333
A601,2000-08-06,0.0,2683.0,16.787499999999998,27.4,9.8,96.0,37.0,12.8,3.095833333333333
A601,2000-08-07,0.0,2639.0,19.95416666666667,28.3,14.7,92.0,37.0,9.0,2.2916666666666665
A601,2000-08-08,0.0,2615.0,20.658333333333335,30.6,14.2,98.0,32.0,6.6,1.7083333333333333
A601,2000-08-09,0.2,2669.0,23.974999999999998,32.8,15.9,98.0,26.0,17.5,2.1041666666666665
A601,2000-08-10,0.0,1792.0,21.90416666666667,27.3,18.3,90.0,38.0,10.3,3.0
A601,2000-08-11,3.6,591.0,18.154166666666665,20.3,16.8,95.0,75.0,12.1,3.3083333333333336
A601,2000-08-12,0.2,2927.0,16.166666666666668,20.3,14.0,92.0,48.0,12.8,4.795833333333333
A601,2000-08-13,1.2,1939.0,15.924999999999999,20.3,11.9,96.0,54.0,22.5,1.2791666666666666
A601,2000-08-14,0.2,2836.0,17.158333333333335,24.3,11.1,96.0,44.0,7.5,1.9000000000000001
A601,2000-08-15,0.0,2606.0,20.591666666666665,28.9,12.9,92.0,35.0,11.8,3.7375000000000003
A601,2000-08-16,0.4,1262.0,18.229166666666668,23.1,15.3,97.0,63.0,13.7,3.0416666666666665
A601,2000-08-17,0.4,2733.0,20.1125,27.3,16.9,97.0,47.0,24.8,1.8499999999999999
A601,2000-08-18,1.8,1743.0,20.029166666666665,25.2,17.8,96.0,63.0,11.2,2.525
A601,2000-08-19,0.0,2631.0,19.108333333333334,23.8,17.3,92.0,61.0,18.7,1.5791666666666666
A601,2000-08-20,0.0,2643.0,21.395833333333332,28.2,17.4,95.0,42.0,9.1,1.175
A601,2000-08-21,0.2,2924.0,21.508333333333336,31.8,14.4,97.0,23.0,7.2,1.7750000000000001
A601,2000-08-22,0.0,2925.0,23.21666666666667,32.4,14.9,97.0,21.0,11.1,2.0124999999999997
A601,2000-08-23,0.0,2961.0,24.066666666666666,32.6,16.5,86.0,21.0,23.3,2.2666666666666666
A601,2000-08-24,0.0,2861.0,25.008333333333336,34.4,17.1,82.0,21.0,9.6,2.1416666666666666
A601,2000-08-25,0.0,2859.0,25.545833333333334,36.2,16.9,95.0,24.0,8.3,1.9166666666666667
A601,2000-08-26,0.0,2844.0,29.9875,37.2,22.8,68.0,26.0,9.0,2.5500000000000003
A601,2000-08-27,0.0,,21.5,30.3,20.5,84.0,42.0,12.8,4.6000000000000005
A601,2000-09-05,0.0,1773.0,21.057142857142857,23.0,19.5,78.0,60.0,5.7,2.042857142857143
A601,2000-09-06,0.0,1116.0,18.6125,21.6,15.7,96.0,64.0,5.4,0.9458333333333333
A601,2000-09-07,0.2,2572.0,20.01666666666667,25.2,17.3,94.0,51.0,7.1,1.5166666666666666
A601,2000-09-08,0.0,3205.0,21.283333333333335,28.1,14.9,97.0,39.0,9.3,2.1750000000000003
A601,2000-09-09,0.0,1789.0,21.962500000000002,26.7,18.2,91.0,49.0,10.5,2.670833333333333
A601,2000-09-10,0.0,3169.0,24.65416666666667,30.2,20.4,74.0,41.0,11.0,3.404166666666667
A601,2000-09-11,0.0,3083.0,26.65416666666667,31.6,23.2,66.0,40.0,13.2,3.8375
A601,2000-09-12,0.0,2453.0,26.09583333333333,30.3,21.0,88.0,44.0,11.4,3.1625
A601,2000-09-13,13.4,2965.0,25.447619047619046,32.3,19.5,95.0,40.0,11.5,3.0952380952380953
A601,2000-09-14,0.0,3035.0,22.145833333333332,28.7,19.6,96.0,61.0,9.0,2.0375
A601,2000-09-15,0.0,3175.0,24.3125,32.7,19.9,96.0,40.0,24.5,2.4250000000000003
A601,2000-09-16,2.0,1185.0,21.4375,23.7,19.5,94.0,77.0,9.6,2.795833333333334
A601,2000-09-17,4.0,952.0,20.141666666666666,21.7,19.3,96.0,84.0,7.9,2.404166666666667
A601,2000-09-18,0.4,1821.0,21.2,24.7,19.1,96.0,70.0,5.9,1.7750000000000001
A601,2000-09-19,0.0,3125.0,23.4875,31.5,20.1,93.0,46.0,11.9,2.5208333333333335
A601,2000-09-20,0.0,3157.0,22.108333333333334,29.0,17.5,97.0,61.0,9.5,1.9083333333333332
A601,2000-09-21,0.0,3337.0,25.8,32.4,19.0,97.0,33.0,14.1,3.4125
A601,2000-09-22,0.0,3170.0,24.97083333333333,28.4,20.3,93.0,37.0,15.2,4.75
A601,2000-09-23,0.0,1847.0,21.712500000000002,26.0,18.3,96.0,64.0,6.5,1.0041666666666667
A601,2000-09-24,0.0,3259.0,26.583333333333332,35.3,19.1,95.0,29.0,13.8,3.9333333333333336
A601,2000-09-25,3.0,734.0,18.662499999999998,22.2,16.2,96.0,74.0,13.1,3.1333333333333333
A601,2000-09-26,3.8,456.0,16.295833333333334,17.8,15.7,96.0,88.0,5.6,1.9291666666666665
A601,2000-09-27,0.0,1477.0,17.650000000000002,20.8,15.6,96.0,67.0,7.3,0.8916666666666666
A601,2000-09-28,0.0,2423.0,20.558333333333334,25.0,16.5,95.0,54.0,4.9,1.1583333333333334
A601,2000-09-29,0.0,3371.0,20.891666666666666,28.0,16.1,95.0,50.0,12.0,2.6125000000000003
A601,2000-09-30,0.0,3351.0,21.3875,28.4,17.1,94.0,51.0,10.4,2.5791666666666666
A601,2000-10-01,0.0,3123.0,21.745833333333334,27.7,18.1,96.0,62.0,11.4,2.004166666666667
A601,2000-10-02,0.0,3345.0,23.02916666666667,30.4,18.6,93.0,47.0,8.8,2.379166666666667
A601,2000-10-03,0.0,3311.0,23.27916666666667,33.4,18.3,97.0,42.0,10.8,2.8666666666666667
A601,2000-10-04,0.0,2493.0,23.245833333333334,27.6,19.6,96.0,64.0,12.1,3.1125000000000003
A601,2000-10-05,1.0,1203.0,24.166666666666668,27.8,21.4,95.0,69.0,13.8,1.7416666666666665
A601,2000-10-06,3.8,2594.0,22.620833333333334,26.9,20.4,96.0,67.0,7.9,1.9791666666666667
A601,2000-10-07,1.2,1629.0,21.2625,25.0,19.2,96.0,70.0,6.9,1.554166666666667
A601,2000-10-08,0.2,1115.0,20.483333333333334,22.7,19.2,95.0,76.0,3.9,0.9583333333333334
A601,2000-10-09,0.0,3478.0,23.458333333333332,29.6,19.3,94.0,49.0,10.2,1.7416666666666665
A601,2000-10-10,0.0,3253.0,25.495833333333334,32.4,21.7,90.0,46.0,13.4,3.783333333333333
A601,2000-10-11,0.0,3227.0,23.724999999999998,31.2,20.0,95.0,50.0,10.2,2.2583333333333333
A601,2000-10-12,0.0,3474.0,28.258333333333336,38.2,20.6,95.0,23.0,10.3,2.2624999999999997
A601,2000-10-13,0.0,3414.0,26.425,30.8,22.3,94.0,39.0,11.0,3.1
A601,2000-10-14,0.0,3488.0,24.724999999999998,31.2,20.8,94.0,54.0,11.6,3.2583333333333333
A601,2000-10-15,0.0,3008.0,24.837500000000002,29.9,22.7,90.0,59.0,10.1,2.3291666666666666
A601,2000-10-16,0.0,3353.0,25.8,31.6,22.7,89.0,49.0,8.6,1.8416666666666668
A601,2000-10-17,0.0,3387.0,26.412499999999998,34.2,20.1,96.0,36.0,12.0,2.5416666666666665
A601,2000-10-18,0.0,3417.0,27.145833333333332,36.1,21.1,96.0,32.0,9.8,2.8541666666666665
A601,2000-10-19,0.0,2302.0,25.02916666666667,28.5,22.1,96.0,68.0,8.1,2.4291666666666667
A601,2000-10-20,0.0,2224.0,25.266666666666666,30.5,22.1,94.0,60.0,11.6,1.7291666666666667
A601,2000-10-21,0.0,2095.0,25.78333333333333,28.6,23.2,91.0,51.0,10.1,3.875
A601,2000-10-22,0.4,2590.0,24.254166666666666,29.8,22.0,95.0,62.0,10.9,2.4833333333333334
A601,2000-10-23,0.0,3512.0,26.162499999999998,34.0,21.6,96.0,53.0,13.0,2.8000000000000003
A601,2000-10-24,0.0,3369.0,25.854166666666668,32.5,21.1,95.0,56.0,10.6,2.533333333333333
A601,2000-10-25,0.0,3458.0,26.291666666666668,31.9,24.4,87.0,54.0,11.3,3.7291666666666665
A601,2000-10-26,0.2,3709.0,26.09166666666667,33.5,21.8,96.0,40.0,11.5,2.6
A601,2000-10-27,0.0,3011.0,27.620833333333334,37.8,21.7,93.0,26.0,12.5,3.5208333333333335
A601,2000-10-28,7.6,927.0,22.808333333333334,26.2,19.4,96.0,70.0,14.2,1.7
A601,2000-10-29,13.4,2123.0,19.529166666666665,22.6,18.5,96.0,75.0,7.2,1.0583333333333333
A601,2000-10-30,1.0,2513.0,21.183333333333334,26.1,18.1,95.0,59.0,5.8,1.3791666666666667
A601,2000-10-31,0.0,3140.0,22.516666666666666,28.6,17.2,96.0,51.0,8.6,2.275
A601,2000-11-01,0.0,3370.0,23.837500000000002,29.7,18.4,96.0,48.0,8.1,1.4749999999999999
A601,2000-11-02,0.0,3644.0,25.2375,32.1,19.1,94.0,36.0,10.8,2.4125
A601,2000-11-03,0.6,3611.0,24.991666666666664,33.2,19.9,93.0,41.0,12.6,3.5083333333333333
A601,2000-11-04,0.2,2815.0,23.508333333333336,28.0,21.1,96.0,64.0,7.7,2.0500000000000003
A601,2000-11-05,0.0,2663.0,24.508333333333336,29.4,22.4,91.0,58.0,8.7,1.8458333333333332
A601,2000-11-06,22.4,2440.0,23.691666666666666,29.0,20.6,96.0,65.0,7.8,0.8208333333333333
A601,2000-11-07,1.8,1183.0,22.566666666666666,24.6,21.7,96.0,72.0,5.9,1.3416666666666668
A601,2000-11-08,0.0,3338.0,22.22083333333333,27.4,17.4,94.0,52.0,8.2,1.4625000000000001
A601,2000-11-09,0.0,3848.0,23.9875,30.9,17.9,94.0,40.0,8.3,2.3583333333333334
A601,2000-11-10,0.0,3745.0,24.245833333333334,31.8,18.4,95.0,39.0,11.0,3.2624999999999997
A601,2000-11-11,0.2,2997.0,23.504166666666666,28.0,20.5,95.0,60.0,8.7,2.2375000000000003
A601,2000-11-12,0.0,2554.0,24.90416666666667,31.0,21.8,93.0,55.0,7.5,1.3708333333333333
A601,2000-11-13,0.0,1912.0,27.099999999999998,32.1,22.7,94.0,56.0,8.8,1.7083333333333333
A601,2000-11-14,7.4,1646.0,22.925,26.9,20.2,96.0,78.0,12.8,2.625
A601,2000-11-15,1.4,2041.0,21.150000000000002,25.0,19.2,96.0,68.0,9.4,2.5875
A601,2000-11-16,0.2,3282.0,23.433333333333334,28.7,19.4,95.0,53.0,7.3,1.5791666666666666
A601,2000-11-17,2.2,3154.0,24.333333333333332,29.9,19.2,97.0,49.0,8.0,1.6708333333333334
A601,2000-11-18,0.2,2988.0,23.833333333333332,28.5,21.1,90.0,54.0,9.4,2.9
A601,2000-11-19,8.0,983.0,22.337500000000002,25.5,19.6,96.0,75.0,7.0,1.5041666666666667
A601,2000-11-20,0.0,3506.0,26.241666666666664,33.4,23.2,81.0,40.0,8.7,2.8041666666666667
A601,2000-11-21,5.6,3855.0,23.758333333333336,29.5,20.1,96.0,57.0,8.7,2.1625
A601,2000-11-22,5.8,2922.0,23.495833333333334,28.5,21.3,96.0,67.0,9.3,2.25
A601,2000-11-23,0.0,3076.0,23.941666666666666,29.3,20.4,96.0,63.0,10.6,2.2958333333333334
A601,2000-11-24,0.0,3567.0,27.5125,35.7,21.9,94.0,31.0,9.6,1.8625
A601,2000-11-25,4.6,3761.0,26.258333333333336,31.1,22.1,95.0,53.0,10.3,3.125
A601,2000-11-26,19.8,1288.0,22.925,25.3,20.7,97.0,75.0,5.9,1.1708333333333334
A601,2000-11-27,0.0,2836.0,24.070833333333336,29.7,21.3,96.0,63.0,10.9,1.741666666666667
A601,2000-11-28,0.0,3682.0,27.233333333333334,33.1,22.1,94.0,44.0,10.6,2.6958333333333333
A601,2000-11-29,1.4,2874.0,27.97083333333333,36.0,23.5,92.0,36.0,10.3,2.625
A601,2000-11-30,4.2,3335.0,26.383333333333336,30.3,22.5,94.0,60.0,10.8,3.3666666666666667
A601,2000-12-01,4.8,1618.0,22.950000000000003,25.1,21.7,96.0,79.0,11.3,2.858333333333333
A601,2000-12-02,0.8,3101.0,23.907692307692308,27.2,21.0,95.0,64.0,7.6,2.423076923076923
A601,2000-12-03,0.0,3211.0,25.283333333333335,32.3,21.2,91.0,52.0,12.1,2.4833333333333334
A601,2000-12-04,0.2,3485.0,26.170833333333334,33.6,22.6,94.0,49.0,10.3,1.8208333333333335
A601,2000-12-05,3.6,3493.0,25.683333333333334,31.0,22.6,95.0,58.0,12.5,3.1125000000000003
A601,2000-12-06,3.6,3243.0,23.83125,27.0,21.1,96.0,56.0,10.4,3.41875
A601,2000-12-07,0.2,3943.0,23.94347826086957,30.2,18.5,96.0,40.0,6.9,1.3304347826086955
A601,2000-12-08,0.0,3851.0,26.15416666666667,32.1,20.2,92.0,44.0,6.2,1.8791666666666667
A601,2000-12-09,0.0,3785.0,26.516666666666666,34.4,21.1,92.0,40.0,10.6,3.1833333333333336
A601,2000-12-10,0.0,3577.0,26.46666666666667,32.2,21.7,94.0,54.0,11.5,2.7624999999999997
A601,2000-12-11,0.0,3528.0,25.65416666666667,30.4,20.9,96.0,53.0,9.6,2.254166666666667
A601,2000-12-12,0.0,3743.0,27.474999999999998,35.1,21.6,91.0,38.0,8.5,2.720833333333333
A601,2000-12-13,0.0,3576.0,27.929166666666664,34.8,23.5,92.0,37.0,10.3,2.775
A601,2000-12-14,0.0,3736.0,27.84583333333333,35.5,22.6,95.0,31.0,9.2,1.625
A601,2000-12-15,0.0,3667.0,29.21666666666667,34.9,24.2,89.0,35.0,13.5,3.108333333333333
A601,2000-12-16,0.0,3391.0,29.837500000000002,35.9,25.8,82.0,36.0,15.3,3.2708333333333335
A601,2000-12-17,6.8,1020.0,22.333333333333332,26.8,19.5,95.0,80.0,13.1,4.0375000000000005
A601,2000-12-18,3.0,1434.0,20.400000000000002,22.7,18.9,96.0,81.0,7.4,1.7083333333333333
A601,2000-12-19,1.4,951.0,22.400000000000002,25.5,20.7,93.0,72.0,6.2,2.642857142857143
A601,2000-12-20,0.0,2881.0,24.891666666666666,28.4,21.2,93.0,54.0,6.8,2.15
A601,2000-12-21,0.0,3742.0,25.45294117647059,31.1,19.2,94.0,48.0,8.6,2.3352941176470585
A601,2000-12-22,1.0,3720.0,27.0,36.7,20.7,95.0,38.0,10.5,1.5125
A601,2000-12-23,0.0,3654.0,28.75833333333333,33.3,25.7,84.0,48.0,10.3,3.5666666666666664
A601,2000-12-24,7.8,3745.0,27.349999999999998,35.6,23.2,94.0,42.0,15.3,1.9000000000000001
A601,2000-12-25,11.8,3873.0,27.320833333333336,36.1,22.5,94.0,44.0,9.8,2.1166666666666667
A601,2000-12-26,4.8,1996.0,26.425,31.0,22.4,95.0,53.0,7.2,1.5083333333333335
A601,2000-12-27,0.0,3992.0,29.313043478260873,35.4,25.6,89.0,41.0,8.5,2.617391304347826
A601,2000-12-28,1.6,3613.0,28.291666666666668,34.3,24.5,85.0,45.0,9.3,2.6374999999999997
A601,2000-12-29,0.0,40.0,25.259999999999998,26.7,24.5,91.0,80.0,5.1,1.2
A801,2000-09-22,0.0,3228.0,17.119999999999997,21.3,14.2,95.0,37.0,7.6,1.83
A801,2000-09-23,15.6,3117.0,17.604166666666668,27.2,11.8,97.0,46.0,7.1,1.5583333333333333
A801,2000-09-24,5.8,1094.0,14.995833333333332,19.0,12.4,97.0,46.0,17.0,2.4541666666666666
A801,2000-09-25,0.0,3538.0,10.704166666666666,14.9,6.9,79.0,39.0,11.9,2.733333333333333
A801,2000-09-26,0.0,3296.0,11.833333333333334,17.4,7.8,83.0,35.0,7.9,1.75
A801,2000-09-27,0.0,3169.0,14.529166666666667,22.7,7.4,94.0,38.0,7.5,1.5916666666666668
A801,2000-09-28,0.0,3250.0,18.570833333333333,26.9,12.4,97.0,32.0,8.3,1.4124999999999999
A801,2000-09-29,0.0,3132.0,18.954166666666666,26.6,11.7,93.0,40.0,6.7,1.3291666666666666
A801,2000-09-30,0.0,3030.0,18.233333333333334,25.6,13.5,97.0,62.0,7.1,1.6583333333333332
A801,2000-10-01,2.2,2462.0,19.804166666666667,24.0,16.9,97.0,69.0,6.4,1.2791666666666666
A801,2000-10-02,0.2,1837.0,18.854166666666668,22.8,16.8,97.0,68.0,7.4,1.7583333333333335
A801,2000-10-03,5.2,754.0,17.566666666666666,20.3,14.9,95.0,80.0,17.8,3.7291666666666665
A801,2000-10-04,11.6,852.0,17.912499999999998,21.6,15.9,97.0,81.0,9.6,1.3708333333333333
A801,2000-10-05,0.4,3442.0,17.383333333333333,20.8,14.6,95.0,46.0,11.6,2.654166666666667
A801,2000-10-06,0.2,3480.0,15.762500000000001,20.0,12.2,89.0,41.0,10.5,2.6374999999999997
A801,2000-10-07,0.0,3447.0,16.129166666666666,22.0,10.9,93.0,42.0,7.7,1.4541666666666666
A801,2000-10-08,0.0,3492.0,16.758333333333333,23.5,11.1,92.0,33.0,10.4,2.2375000000000003
A801,2000-10-09,7.8,1659.0,17.608333333333334,23.6,14.2,96.0,55.0,9.4,1.9791666666666667
A801,2000-10-10,2.8,2007.0,17.170833333333334,19.0,15.1,97.0,60.0,10.7,2.504166666666667
A801,2000-10-11,0.6,3012.0,17.491666666666667,24.3,13.2,92.0,62.0,20.1,2.4583333333333335
A801,2000-10-12,10.4,,18.066666666666666,19.8,17.8,95.0,87.0,12.1,2.733333333333333
A801,2000-10-13,0.0,284.0,18.8,19.9,18.5,93.0,86.0,6.0,2.033333333333333
A801,2000-10-14,1.0,1064.0,18.116666666666667,20.3,15.6,95.0,84.0,11.0,3.5749999999999997
A801,2000-10-15,0.2,1553.0,16.991666666666667,19.2,15.5,92.0,70.0,16.0,4.220833333333333
A801,2000-10-16,0.0,2943.0,20.958333333333332,27.5,16.3,89.0,54.0,10.4,2.4
A801,2000-10-17,0.4,2748.0,23.458333333333332,28.8,20.4,96.0,58.0,6.2,0.9625
A801,2000-10-18,9.6,2841.0,21.97083333333333,26.4,19.3,96.0,60.0,9.2,1.8958333333333333
A801,2000-10-19,2.0,2916.0,20.816666666666666,26.6,17.7,95.0,66.0,11.3,2.7708333333333335
A801,2000-10-20,7.8,1661.0,20.095454545454547,23.6,18.4,95.0,69.0,11.3,1.8863636363636365
A801,2000-10-21,0.0,3492.0,20.145833333333332,26.6,15.8,95.0,54.0,10.6,2.1416666666666666
A801,2000-10-22,0.0,2967.0,22.7,32.0,16.8,94.0,42.0,11.3,1.8125
A801,2000-10-23,0.2,1458.0,21.233333333333334,23.9,20.1,92.0,67.0,9.0,1.9541666666666666
A801,2000-10-24,1.2,1428.0,19.849999999999998,21.2,19.3,95.0,81.0,9.7,2.9499999999999997
A801,2000-10-25,0.2,2752.0,21.337500000000002,25.9,19.2,91.0,66.0,12.8,3.7583333333333333
A801,2000-10-26,0.4,1183.0,22.46666666666667,25.8,19.9,91.0,69.0,10.6,1.9166666666666667
A801,2000-10-27,2.4,3690.0,23.53333333333333,27.6,21.1,93.0,40.0,13.2,2.670833333333333
A801,2000-10-28,0.0,3479.0,18.816666666666666,21.8,15.8,87.0,34.0,10.0,2.595833333333333
A801,2000-10-29,0.2,3507.0,15.229166666666666,19.9,12.4,91.0,42.0,9.1,2.0708333333333333
A801,2000-10-30,0.0,3602.0,17.729166666666668,27.4,9.9,92.0,23.0,8.1,1.7708333333333333
A801,2000-10-31,0.0,3456.0,21.462500000000002,29.3,14.4,94.0,31.0,8.9,1.7666666666666666
A801,2000-11-01,0.0,3503.0,24.020833333333332,33.5,18.4,92.0,32.0,9.7,2.3583333333333334
A801,2000-11-02,7.8,1487.0,22.516666666666666,26.0,17.5,95.0,63.0,15.1,2.2083333333333335
A801,2000-11-03,0.0,3748.0,18.208333333333332,23.5,12.1,95.0,33.0,10.2,1.55
A801,2000-11-04,0.0,3266.0,17.341666666666665,22.1,11.5,93.0,25.0,7.1,1.6041666666666667
A801,2000-11-05,0.0,3661.0,18.045833333333334,24.2,12.4,90.0,43.0,10.8,2.8083333333333336
A801,2000-11-06,0.0,3397.0,19.883333333333333,26.0,16.6,90.0,59.0,11.1,3.2541666666666664
A801,2000-11-07,0.0,3492.0,22.162499999999998,28.8,18.2,87.0,53.0,13.0,3.8541666666666665
A801,2000-11-08,13.6,3302.0,22.775000000000002,28.8,18.5,96.0,51.0,7.9,1.7541666666666667
A801,2000-11-09,0.2,3663.0,22.391666666666666,26.7,20.0,94.0,62.0,10.7,1.825
A801,2000-11-10,0.4,2387.0,20.183333333333334,24.1,17.9,94.0,57.0,9.2,2.5749999999999997
A801,2000-11-11,0.0,2531.0,20.900000000000002,25.0,18.0,88.0,66.0,13.1,3.845833333333333
A801,2000-11-12,16.8,786.0,21.066666666666666,23.1,19.6,96.0,76.0,10.1,1.2416666666666667
A801,2000-11-13,0.0,2494.0,20.525000000000002,24.8,18.4,96.0,59.0,9.1,1.5999999999999999
A801,2000-11-14,0.0,3730.0,17.599999999999998,20.9,15.2,94.0,53.0,12.1,2.2916666666666665
A801,2000-11-15,0.0,3959.0,16.229166666666668,20.8,12.4,72.0,33.0,7.8,2.1041666666666665
A801,2000-11-16,0.0,3832.0,16.929166666666667,24.5,10.7,91.0,30.0,7.0,1.3541666666666667
A801,2000-11-17,0.0,3233.0,19.283333333333335,26.0,12.9,90.0,45.0,10.1,1.8208333333333335
A801,2000-11-18,0.0,3767.0,23.162499999999998,29.9,17.2,94.0,45.0,7.5,1.616666666666667
A801,2000-11-19,0.0,3797.0,24.5,31.4,18.4,84.0,22.0,9.2,1.675
A801,2000-11-20,0.0,1670.0,20.662499999999998,24.2,18.4,86.0,51.0,12.9,3.2583333333333333
A801,2000-11-21,0.0,2349.0,20.745833333333334,27.2,17.9,84.0,55.0,8.8,2.766666666666667
A801,2000-11-22,0.0,3702.0,24.233333333333334,33.0,16.7,95.0,28.0,7.0,1.5416666666666667
A801,2000-11-23,0.0,3663.0,27.0125,36.2,18.2,89.0,24.0,7.9,1.7083333333333333
A801,2000-11-24,6.4,1632.0,21.983333333333334,27.2,18.9,95.0,54.0,18.3,2.2208333333333337
A801,2000-11-25,0.0,2753.0,19.870833333333334,23.7,17.6,92.0,47.0,9.1,2.8000000000000003
A801,2000-11-26,0.0,3766.0,20.82916666666667,31.0,13.4,83.0,33.0,8.2,1.6416666666666666
A801,2000-11-27,12.6,3637.0,25.3125,33.8,19.2,95.0,33.0,19.4,1.7249999999999999
A801,2000-11-28,5.4,3099.0,24.675,32.7,19.5,92.0,42.0,8.0,1.1916666666666667
A801,2000-11-29,26.2,1147.0,20.125,22.0,17.7,96.0,78.0,15.8,2.308333333333333
A801,2000-11-30,0.4,3173.0,19.1,23.0,16.9,95.0,50.0,11.9,3.954166666666667
A801,2000-12-01,0.0,2874.0,18.541666666666668,23.9,13.2,89.0,49.0,11.6,2.7916666666666665
A801,2000-12-02,0.0,3657.0,21.320833333333333,29.3,15.5,81.0,43.0,11.9,1.8958333333333333
A801,2000-12-03,0.0,3404.0,22.208333333333332,27.8,17.9,93.0,49.0,10.7,1.8875
A801,2000-12-04,5.8,2710.0,19.245833333333334,23.9,14.4,94.0,59.0,6.3,1.2833333333333334
A801,2000-12-05,0.8,2384.0,20.079166666666666,24.4,17.5,91.0,52.0,6.9,1.3291666666666666
A801,2000-12-06,0.0,3841.0,20.900000000000002,28.2,16.2,96.0,32.0,6.4,1.3041666666666667
A801,2000-12-07,0.0,3716.0,24.833333333333332,33.2,17.6,85.0,28.0,6.4,1.2458333333333333
A801,2000-12-08,0.0,3708.0,27.429166666666664,34.8,19.7,79.0,28.0,6.6,1.4416666666666667
A801,2000-12-09,3.8,3704.0,27.19583333333333,35.2,22.5,86.0,37.0,11.6,1.3708333333333333
A801,2000-12-10,0.0,3709.0,24.416666666666668,28.3,20.5,86.0,42.0,10.2,2.470833333333333
A801,2000-12-11,1.0,3578.0,24.120833333333334,33.1,17.7,89.0,41.0,13.7,1.9875
A801,2000-12-12,0.2,3583.0,26.2375,33.4,21.0,91.0,38.0,12.6,1.6291666666666667
A801,2000-12-13,0.0,3050.0,27.308333333333334,34.2,22.6,88.0,42.0,9.3,1.2249999999999999
A801,2000-12-14,11.4,1718.0,24.59166666666667,28.9,22.7,94.0,66.0,5.7,1.1875
A801,2000-12-15,0.0,3094.0,24.558333333333334,27.7,23.1,95.0,65.0,11.1,1.741666666666667
A801,2000-12-16,7.4,3296.0,19.575,23.1,14.6,94.0,55.0,17.0,3.1208333333333336
A801,2000-12-17,0.0,3928.0,19.837500000000002,24.5,13.5,88.0,34.0,8.9,1.6791666666666665
A801,2000-12-18,0.0,3864.0,21.224999999999998,28.9,13.7,89.0,24.0,7.2,1.45
A801,2000-12-19,0.0,3395.0,22.125,27.6,17.4,90.0,54.0,10.1,2.0083333333333333
A801,2000-12-20,0.0,3818.0,23.575,30.3,17.9,88.0,24.0,8.8,1.9291666666666665
A801,2000-12-21,1.2,2195.0,23.245833333333334,28.4,19.8,88.0,50.0,9.3,2.283333333333333
A801,2000-12-22,0.2,3007.0,22.84583333333333,27.7,20.4,91.0,58.0,9.2,2.470833333333333
A801,2000-12-23,0.0,2692.0,23.766666666666666,29.9,18.7,92.0,45.0,8.1,1.6624999999999999
A801,2000-12-24,2.0,3396.0,24.09583333333333,29.5,20.9,95.0,60.0,8.5,2.6
A801,2000-12-25,0.2,3811.0,26.21666666666667,32.8,21.6,91.0,52.0,8.5,1.3833333333333335
A801,2000-12-26,0.0,3537.0,29.616666666666664,35.7,24.1,90.0,40.0,6.9,1.3333333333333333
A801,2000-12-27,1.8,2996.0,26.795833333333334,34.9,20.5,92.0,45.0,16.1,2.3916666666666666
A801,2000-12-28,0.0,1829.0,23.108333333333334,26.3,20.1,92.0,64.0,7.8,1.45
A801,2000-12-29,2.2,2759.0,25.133333333333336,31.3,21.9,91.0,55.0,9.1,1.825
A801,2000-12-30,0.4,3123.0,24.141666666666666,28.2,21.8,92.0,47.0,9.8,2.4791666666666665
A801,2000-12-31,0.0,3510.0,22.53333333333333,28.8,17.8,87.0,46.0,8.1,1.7666666666666666
